﻿"Overlast";"Perioden";"Wijken en buurten";"Geregistreerde overlast (aantal)"
"Totaal registraties overlast";"2022";"Breda";"    5672"
"Totaal registraties overlast";"2022";"Breda centrum";"    1170"
"Totaal registraties overlast";"2022";"Valkenberg";"     121"
"Totaal registraties overlast";"2022";"Chassé";"     186"
"Totaal registraties overlast";"2022";"Fellenoord";"     108"
"Totaal registraties overlast";"2022";"Schorsmolen";"     277"
"Totaal registraties overlast";"2022";"Station";"     158"
"Totaal registraties overlast";"2022";"City";"     320"
"Totaal registraties overlast";"2022";"Breda noord";"     932"
"Totaal registraties overlast";"2022";"Belcrum";"     173"
"Totaal registraties overlast";"2022";"Doornbos-Linie";"     163"
"Totaal registraties overlast";"2022";"Biesdonk";"     123"
"Totaal registraties overlast";"2022";"Geeren-zuid";"     105"
"Totaal registraties overlast";"2022";"Wisselaar";"     123"
"Totaal registraties overlast";"2022";"Krogten";"     131"
"Totaal registraties overlast";"2022";"Geeren-noord";"     103"
"Totaal registraties overlast";"2022";"Waterdonken";"      11"
"Totaal registraties overlast";"2022";"Breda oost";"     672"
"Totaal registraties overlast";"2022";"Brabantpark";"     288"
"Totaal registraties overlast";"2022";"Sportpark";"     152"
"Totaal registraties overlast";"2022";"Zandberg";"      90"
"Totaal registraties overlast";"2022";"Heusdenhout";"     115"
"Totaal registraties overlast";"2022";"Moleneind-oost";"       4"
"Totaal registraties overlast";"2022";"Hoogeind";"      23"
"Totaal registraties overlast";"2022";"Breda zuid-oost";"     343"
"Totaal registraties overlast";"2022";"Blauwe Kei";"      83"
"Totaal registraties overlast";"2022";"Ypelaar";"     115"
"Totaal registraties overlast";"2022";"Overakker";"      39"
"Totaal registraties overlast";"2022";"Ginneken";"      78"
"Totaal registraties overlast";"2022";"Mastbos";"      28"
"Totaal registraties overlast";"2022";"Breda zuid";"     186"
"Totaal registraties overlast";"2022";"Boeimeer";"     147"
"Totaal registraties overlast";"2022";"Ruitersbos";"      39"
"Totaal registraties overlast";"2022";"Breda west";"    1141"
"Totaal registraties overlast";"2022";"Haagpoort";"      86"
"Totaal registraties overlast";"2022";"Heuvel";"     373"
"Totaal registraties overlast";"2022";"Tuinzigt";"     296"
"Totaal registraties overlast";"2022";"Princenhage";"     210"
"Totaal registraties overlast";"2022";"Westerpark";"      81"
"Totaal registraties overlast";"2022";"Heilaar";"      24"
"Totaal registraties overlast";"2022";"Hazeldonk";"      16"
"Totaal registraties overlast";"2022";"Steenakker";"      25"
"Totaal registraties overlast";"2022";"Effen-Rith";"      13"
"Totaal registraties overlast";"2022";"Liesbos";"      17"
"Totaal registraties overlast";"2022";"Breda noord-west";"     836"
"Totaal registraties overlast";"2022";"Gageldonk";"      94"
"Totaal registraties overlast";"2022";"Kievitsloop";"      71"
"Totaal registraties overlast";"2022";"Kesteren";"     288"
"Totaal registraties overlast";"2022";"Muizenberg";"     146"
"Totaal registraties overlast";"2022";"Heksenwiel";"      96"
"Totaal registraties overlast";"2022";"Overkroeten";"      47"
"Totaal registraties overlast";"2022";"Kroeten";"      40"
"Totaal registraties overlast";"2022";"Emer";"      44"
"Totaal registraties overlast";"2022";"Hagebeemd";"      10"
"Totaal registraties overlast";"2022";"Bavel";"      81"
"Totaal registraties overlast";"2022";"Bavel";"      48"
"Totaal registraties overlast";"2022";"Nieuw Wolfslaar";"      24"
"Totaal registraties overlast";"2022";"Buitengebied Bavel";"       9"
"Totaal registraties overlast";"2022";"Ulvenhout";"      83"
"Totaal registraties overlast";"2022";"Ulvenhout";"      74"
"Totaal registraties overlast";"2022";"Buitengebied Ulvenhout";"       9"
"Totaal registraties overlast";"2022";"Prinsenbeek";"     136"
"Totaal registraties overlast";"2022";"Prinsenbeek";"     128"
"Totaal registraties overlast";"2022";"Buitengebied Prinsenbeek";"       8"
"Totaal registraties overlast";"2022";"Teteringen";"      89"
"Totaal registraties overlast";"2022";"Teteringen";"      82"
"Totaal registraties overlast";"2022";"Vuchtpolder";"       2"
"Totaal registraties overlast";"2022";"Buitengebied Teteringen";"       5"
"Overlast door verward persoon";"2022";"Breda";"    1800"
"Overlast door verward persoon";"2022";"Breda centrum";"     358"
"Overlast door verward persoon";"2022";"Valkenberg";"      32"
"Overlast door verward persoon";"2022";"Chassé";"      80"
"Overlast door verward persoon";"2022";"Fellenoord";"      39"
"Overlast door verward persoon";"2022";"Schorsmolen";"      92"
"Overlast door verward persoon";"2022";"Station";"      49"
"Overlast door verward persoon";"2022";"City";"      66"
"Overlast door verward persoon";"2022";"Breda noord";"     255"
"Overlast door verward persoon";"2022";"Belcrum";"      62"
"Overlast door verward persoon";"2022";"Doornbos-Linie";"      54"
"Overlast door verward persoon";"2022";"Biesdonk";"      31"
"Overlast door verward persoon";"2022";"Geeren-zuid";"      25"
"Overlast door verward persoon";"2022";"Wisselaar";"      47"
"Overlast door verward persoon";"2022";"Krogten";"      21"
"Overlast door verward persoon";"2022";"Geeren-noord";"      14"
"Overlast door verward persoon";"2022";"Waterdonken";"       1"
"Overlast door verward persoon";"2022";"Breda oost";"     227"
"Overlast door verward persoon";"2022";"Brabantpark";"      95"
"Overlast door verward persoon";"2022";"Sportpark";"      70"
"Overlast door verward persoon";"2022";"Zandberg";"      16"
"Overlast door verward persoon";"2022";"Heusdenhout";"      43"
"Overlast door verward persoon";"2022";"Moleneind-oost";"       0"
"Overlast door verward persoon";"2022";"Hoogeind";"       3"
"Overlast door verward persoon";"2022";"Breda zuid-oost";"     134"
"Overlast door verward persoon";"2022";"Blauwe Kei";"      33"
"Overlast door verward persoon";"2022";"Ypelaar";"      53"
"Overlast door verward persoon";"2022";"Overakker";"      10"
"Overlast door verward persoon";"2022";"Ginneken";"      24"
"Overlast door verward persoon";"2022";"Mastbos";"      14"
"Overlast door verward persoon";"2022";"Breda zuid";"      60"
"Overlast door verward persoon";"2022";"Boeimeer";"      47"
"Overlast door verward persoon";"2022";"Ruitersbos";"      13"
"Overlast door verward persoon";"2022";"Breda west";"     339"
"Overlast door verward persoon";"2022";"Haagpoort";"      21"
"Overlast door verward persoon";"2022";"Heuvel";"     121"
"Overlast door verward persoon";"2022";"Tuinzigt";"      81"
"Overlast door verward persoon";"2022";"Princenhage";"      60"
"Overlast door verward persoon";"2022";"Westerpark";"      25"
"Overlast door verward persoon";"2022";"Heilaar";"       5"
"Overlast door verward persoon";"2022";"Hazeldonk";"      11"
"Overlast door verward persoon";"2022";"Steenakker";"       5"
"Overlast door verward persoon";"2022";"Effen-Rith";"       3"
"Overlast door verward persoon";"2022";"Liesbos";"       7"
"Overlast door verward persoon";"2022";"Breda noord-west";"     298"
"Overlast door verward persoon";"2022";"Gageldonk";"      40"
"Overlast door verward persoon";"2022";"Kievitsloop";"      28"
"Overlast door verward persoon";"2022";"Kesteren";"     110"
"Overlast door verward persoon";"2022";"Muizenberg";"      23"
"Overlast door verward persoon";"2022";"Heksenwiel";"      43"
"Overlast door verward persoon";"2022";"Overkroeten";"      14"
"Overlast door verward persoon";"2022";"Kroeten";"      15"
"Overlast door verward persoon";"2022";"Emer";"      22"
"Overlast door verward persoon";"2022";"Hagebeemd";"       3"
"Overlast door verward persoon";"2022";"Bavel";"      21"
"Overlast door verward persoon";"2022";"Bavel";"      16"
"Overlast door verward persoon";"2022";"Nieuw Wolfslaar";"       2"
"Overlast door verward persoon";"2022";"Buitengebied Bavel";"       3"
"Overlast door verward persoon";"2022";"Ulvenhout";"      24"
"Overlast door verward persoon";"2022";"Ulvenhout";"      21"
"Overlast door verward persoon";"2022";"Buitengebied Ulvenhout";"       3"
"Overlast door verward persoon";"2022";"Prinsenbeek";"      48"
"Overlast door verward persoon";"2022";"Prinsenbeek";"      46"
"Overlast door verward persoon";"2022";"Buitengebied Prinsenbeek";"       2"
"Overlast door verward persoon";"2022";"Teteringen";"      35"
"Overlast door verward persoon";"2022";"Teteringen";"      35"
"Overlast door verward persoon";"2022";"Vuchtpolder";"       0"
"Overlast door verward persoon";"2022";"Buitengebied Teteringen";"       0"
"Melding overlast jeugd";"2022";"Breda";"     889"
"Melding overlast jeugd";"2022";"Breda centrum";"      62"
"Melding overlast jeugd";"2022";"Valkenberg";"       3"
"Melding overlast jeugd";"2022";"Chassé";"      16"
"Melding overlast jeugd";"2022";"Fellenoord";"       4"
"Melding overlast jeugd";"2022";"Schorsmolen";"      10"
"Melding overlast jeugd";"2022";"Station";"       5"
"Melding overlast jeugd";"2022";"City";"      24"
"Melding overlast jeugd";"2022";"Breda noord";"     185"
"Melding overlast jeugd";"2022";"Belcrum";"      13"
"Melding overlast jeugd";"2022";"Doornbos-Linie";"       6"
"Melding overlast jeugd";"2022";"Biesdonk";"      17"
"Melding overlast jeugd";"2022";"Geeren-zuid";"      32"
"Melding overlast jeugd";"2022";"Wisselaar";"      49"
"Melding overlast jeugd";"2022";"Krogten";"      15"
"Melding overlast jeugd";"2022";"Geeren-noord";"      49"
"Melding overlast jeugd";"2022";"Waterdonken";"       4"
"Melding overlast jeugd";"2022";"Breda oost";"     106"
"Melding overlast jeugd";"2022";"Brabantpark";"      47"
"Melding overlast jeugd";"2022";"Sportpark";"      33"
"Melding overlast jeugd";"2022";"Zandberg";"      13"
"Melding overlast jeugd";"2022";"Heusdenhout";"       6"
"Melding overlast jeugd";"2022";"Moleneind-oost";"       0"
"Melding overlast jeugd";"2022";"Hoogeind";"       7"
"Melding overlast jeugd";"2022";"Breda zuid-oost";"      77"
"Melding overlast jeugd";"2022";"Blauwe Kei";"      14"
"Melding overlast jeugd";"2022";"Ypelaar";"      27"
"Melding overlast jeugd";"2022";"Overakker";"      14"
"Melding overlast jeugd";"2022";"Ginneken";"      19"
"Melding overlast jeugd";"2022";"Mastbos";"       3"
"Melding overlast jeugd";"2022";"Breda zuid";"      39"
"Melding overlast jeugd";"2022";"Boeimeer";"      34"
"Melding overlast jeugd";"2022";"Ruitersbos";"       5"
"Melding overlast jeugd";"2022";"Breda west";"     246"
"Melding overlast jeugd";"2022";"Haagpoort";"      21"
"Melding overlast jeugd";"2022";"Heuvel";"      75"
"Melding overlast jeugd";"2022";"Tuinzigt";"      59"
"Melding overlast jeugd";"2022";"Princenhage";"      34"
"Melding overlast jeugd";"2022";"Westerpark";"      37"
"Melding overlast jeugd";"2022";"Heilaar";"       8"
"Melding overlast jeugd";"2022";"Hazeldonk";"       0"
"Melding overlast jeugd";"2022";"Steenakker";"       6"
"Melding overlast jeugd";"2022";"Effen-Rith";"       3"
"Melding overlast jeugd";"2022";"Liesbos";"       3"
"Melding overlast jeugd";"2022";"Breda noord-west";"      92"
"Melding overlast jeugd";"2022";"Gageldonk";"       8"
"Melding overlast jeugd";"2022";"Kievitsloop";"      10"
"Melding overlast jeugd";"2022";"Kesteren";"      27"
"Melding overlast jeugd";"2022";"Muizenberg";"      10"
"Melding overlast jeugd";"2022";"Heksenwiel";"      14"
"Melding overlast jeugd";"2022";"Overkroeten";"       9"
"Melding overlast jeugd";"2022";"Kroeten";"       5"
"Melding overlast jeugd";"2022";"Emer";"       5"
"Melding overlast jeugd";"2022";"Hagebeemd";"       4"
"Melding overlast jeugd";"2022";"Bavel";"      26"
"Melding overlast jeugd";"2022";"Bavel";"      15"
"Melding overlast jeugd";"2022";"Nieuw Wolfslaar";"      10"
"Melding overlast jeugd";"2022";"Buitengebied Bavel";"       1"
"Melding overlast jeugd";"2022";"Ulvenhout";"      10"
"Melding overlast jeugd";"2022";"Ulvenhout";"       9"
"Melding overlast jeugd";"2022";"Buitengebied Ulvenhout";"       1"
"Melding overlast jeugd";"2022";"Prinsenbeek";"      19"
"Melding overlast jeugd";"2022";"Prinsenbeek";"      18"
"Melding overlast jeugd";"2022";"Buitengebied Prinsenbeek";"       1"
"Melding overlast jeugd";"2022";"Teteringen";"      26"
"Melding overlast jeugd";"2022";"Teteringen";"      23"
"Melding overlast jeugd";"2022";"Vuchtpolder";"       0"
"Melding overlast jeugd";"2022";"Buitengebied Teteringen";"       3"
"Overlast ivm alcohol/ drugs";"2022";"Breda";"     675"
"Overlast ivm alcohol/ drugs";"2022";"Breda centrum";"     234"
"Overlast ivm alcohol/ drugs";"2022";"Valkenberg";"      28"
"Overlast ivm alcohol/ drugs";"2022";"Chassé";"      22"
"Overlast ivm alcohol/ drugs";"2022";"Fellenoord";"      15"
"Overlast ivm alcohol/ drugs";"2022";"Schorsmolen";"      33"
"Overlast ivm alcohol/ drugs";"2022";"Station";"      27"
"Overlast ivm alcohol/ drugs";"2022";"City";"     109"
"Overlast ivm alcohol/ drugs";"2022";"Breda noord";"     126"
"Overlast ivm alcohol/ drugs";"2022";"Belcrum";"      36"
"Overlast ivm alcohol/ drugs";"2022";"Doornbos-Linie";"      24"
"Overlast ivm alcohol/ drugs";"2022";"Biesdonk";"      18"
"Overlast ivm alcohol/ drugs";"2022";"Geeren-zuid";"       7"
"Overlast ivm alcohol/ drugs";"2022";"Wisselaar";"       9"
"Overlast ivm alcohol/ drugs";"2022";"Krogten";"      18"
"Overlast ivm alcohol/ drugs";"2022";"Geeren-noord";"      13"
"Overlast ivm alcohol/ drugs";"2022";"Waterdonken";"       1"
"Overlast ivm alcohol/ drugs";"2022";"Breda oost";"      78"
"Overlast ivm alcohol/ drugs";"2022";"Brabantpark";"      40"
"Overlast ivm alcohol/ drugs";"2022";"Sportpark";"      12"
"Overlast ivm alcohol/ drugs";"2022";"Zandberg";"      11"
"Overlast ivm alcohol/ drugs";"2022";"Heusdenhout";"       8"
"Overlast ivm alcohol/ drugs";"2022";"Moleneind-oost";"       2"
"Overlast ivm alcohol/ drugs";"2022";"Hoogeind";"       5"
"Overlast ivm alcohol/ drugs";"2022";"Breda zuid-oost";"      25"
"Overlast ivm alcohol/ drugs";"2022";"Blauwe Kei";"       7"
"Overlast ivm alcohol/ drugs";"2022";"Ypelaar";"       8"
"Overlast ivm alcohol/ drugs";"2022";"Overakker";"       1"
"Overlast ivm alcohol/ drugs";"2022";"Ginneken";"       3"
"Overlast ivm alcohol/ drugs";"2022";"Mastbos";"       6"
"Overlast ivm alcohol/ drugs";"2022";"Breda zuid";"      25"
"Overlast ivm alcohol/ drugs";"2022";"Boeimeer";"      18"
"Overlast ivm alcohol/ drugs";"2022";"Ruitersbos";"       7"
"Overlast ivm alcohol/ drugs";"2022";"Breda west";"     118"
"Overlast ivm alcohol/ drugs";"2022";"Haagpoort";"       4"
"Overlast ivm alcohol/ drugs";"2022";"Heuvel";"      25"
"Overlast ivm alcohol/ drugs";"2022";"Tuinzigt";"      43"
"Overlast ivm alcohol/ drugs";"2022";"Princenhage";"      26"
"Overlast ivm alcohol/ drugs";"2022";"Westerpark";"       2"
"Overlast ivm alcohol/ drugs";"2022";"Heilaar";"       3"
"Overlast ivm alcohol/ drugs";"2022";"Hazeldonk";"       4"
"Overlast ivm alcohol/ drugs";"2022";"Steenakker";"       5"
"Overlast ivm alcohol/ drugs";"2022";"Effen-Rith";"       3"
"Overlast ivm alcohol/ drugs";"2022";"Liesbos";"       3"
"Overlast ivm alcohol/ drugs";"2022";"Breda noord-west";"      50"
"Overlast ivm alcohol/ drugs";"2022";"Gageldonk";"       8"
"Overlast ivm alcohol/ drugs";"2022";"Kievitsloop";"      10"
"Overlast ivm alcohol/ drugs";"2022";"Kesteren";"      14"
"Overlast ivm alcohol/ drugs";"2022";"Muizenberg";"       8"
"Overlast ivm alcohol/ drugs";"2022";"Heksenwiel";"       4"
"Overlast ivm alcohol/ drugs";"2022";"Overkroeten";"       0"
"Overlast ivm alcohol/ drugs";"2022";"Kroeten";"       1"
"Overlast ivm alcohol/ drugs";"2022";"Emer";"       4"
"Overlast ivm alcohol/ drugs";"2022";"Hagebeemd";"       1"
"Overlast ivm alcohol/ drugs";"2022";"Bavel";"       4"
"Overlast ivm alcohol/ drugs";"2022";"Bavel";"       2"
"Overlast ivm alcohol/ drugs";"2022";"Nieuw Wolfslaar";"       2"
"Overlast ivm alcohol/ drugs";"2022";"Buitengebied Bavel";"       0"
"Overlast ivm alcohol/ drugs";"2022";"Ulvenhout";"       4"
"Overlast ivm alcohol/ drugs";"2022";"Ulvenhout";"       3"
"Overlast ivm alcohol/ drugs";"2022";"Buitengebied Ulvenhout";"       1"
"Overlast ivm alcohol/ drugs";"2022";"Prinsenbeek";"       7"
"Overlast ivm alcohol/ drugs";"2022";"Prinsenbeek";"       7"
"Overlast ivm alcohol/ drugs";"2022";"Buitengebied Prinsenbeek";"       0"
"Overlast ivm alcohol/ drugs";"2022";"Teteringen";"       3"
"Overlast ivm alcohol/ drugs";"2022";"Teteringen";"       2"
"Overlast ivm alcohol/ drugs";"2022";"Vuchtpolder";"       1"
"Overlast ivm alcohol/ drugs";"2022";"Buitengebied Teteringen";"       0"
"Overlast zwervers";"2022";"Breda";"     498"
"Overlast zwervers";"2022";"Breda centrum";"     170"
"Overlast zwervers";"2022";"Valkenberg";"      22"
"Overlast zwervers";"2022";"Chassé";"      22"
"Overlast zwervers";"2022";"Fellenoord";"       4"
"Overlast zwervers";"2022";"Schorsmolen";"      24"
"Overlast zwervers";"2022";"Station";"      40"
"Overlast zwervers";"2022";"City";"      58"
"Overlast zwervers";"2022";"Breda noord";"     158"
"Overlast zwervers";"2022";"Belcrum";"      48"
"Overlast zwervers";"2022";"Doornbos-Linie";"      29"
"Overlast zwervers";"2022";"Biesdonk";"       8"
"Overlast zwervers";"2022";"Geeren-zuid";"      12"
"Overlast zwervers";"2022";"Wisselaar";"       0"
"Overlast zwervers";"2022";"Krogten";"      59"
"Overlast zwervers";"2022";"Geeren-noord";"       2"
"Overlast zwervers";"2022";"Waterdonken";"       0"
"Overlast zwervers";"2022";"Breda oost";"      50"
"Overlast zwervers";"2022";"Brabantpark";"      20"
"Overlast zwervers";"2022";"Sportpark";"      10"
"Overlast zwervers";"2022";"Zandberg";"       4"
"Overlast zwervers";"2022";"Heusdenhout";"      11"
"Overlast zwervers";"2022";"Moleneind-oost";"       2"
"Overlast zwervers";"2022";"Hoogeind";"       3"
"Overlast zwervers";"2022";"Breda zuid-oost";"      25"
"Overlast zwervers";"2022";"Blauwe Kei";"      13"
"Overlast zwervers";"2022";"Ypelaar";"       3"
"Overlast zwervers";"2022";"Overakker";"       0"
"Overlast zwervers";"2022";"Ginneken";"       4"
"Overlast zwervers";"2022";"Mastbos";"       5"
"Overlast zwervers";"2022";"Breda zuid";"      12"
"Overlast zwervers";"2022";"Boeimeer";"      11"
"Overlast zwervers";"2022";"Ruitersbos";"       1"
"Overlast zwervers";"2022";"Breda west";"      45"
"Overlast zwervers";"2022";"Haagpoort";"       4"
"Overlast zwervers";"2022";"Heuvel";"       5"
"Overlast zwervers";"2022";"Tuinzigt";"      20"
"Overlast zwervers";"2022";"Princenhage";"       4"
"Overlast zwervers";"2022";"Westerpark";"       0"
"Overlast zwervers";"2022";"Heilaar";"       3"
"Overlast zwervers";"2022";"Hazeldonk";"       1"
"Overlast zwervers";"2022";"Steenakker";"       7"
"Overlast zwervers";"2022";"Effen-Rith";"       0"
"Overlast zwervers";"2022";"Liesbos";"       1"
"Overlast zwervers";"2022";"Breda noord-west";"      21"
"Overlast zwervers";"2022";"Gageldonk";"       0"
"Overlast zwervers";"2022";"Kievitsloop";"       0"
"Overlast zwervers";"2022";"Kesteren";"       2"
"Overlast zwervers";"2022";"Muizenberg";"       4"
"Overlast zwervers";"2022";"Heksenwiel";"       2"
"Overlast zwervers";"2022";"Overkroeten";"       0"
"Overlast zwervers";"2022";"Kroeten";"       0"
"Overlast zwervers";"2022";"Emer";"      13"
"Overlast zwervers";"2022";"Hagebeemd";"       0"
"Overlast zwervers";"2022";"Bavel";"       1"
"Overlast zwervers";"2022";"Bavel";"       0"
"Overlast zwervers";"2022";"Nieuw Wolfslaar";"       0"
"Overlast zwervers";"2022";"Buitengebied Bavel";"       1"
"Overlast zwervers";"2022";"Ulvenhout";"       5"
"Overlast zwervers";"2022";"Ulvenhout";"       3"
"Overlast zwervers";"2022";"Buitengebied Ulvenhout";"       2"
"Overlast zwervers";"2022";"Prinsenbeek";"       8"
"Overlast zwervers";"2022";"Prinsenbeek";"       8"
"Overlast zwervers";"2022";"Buitengebied Prinsenbeek";"       0"
"Overlast zwervers";"2022";"Teteringen";"       3"
"Overlast zwervers";"2022";"Teteringen";"       3"
"Overlast zwervers";"2022";"Vuchtpolder";"       0"
"Overlast zwervers";"2022";"Buitengebied Teteringen";"       0"
"Openbare dronkenschap";"2022";"Breda";"      49"
"Openbare dronkenschap";"2022";"Breda centrum";"      32"
"Openbare dronkenschap";"2022";"Valkenberg";"       3"
"Openbare dronkenschap";"2022";"Chassé";"       0"
"Openbare dronkenschap";"2022";"Fellenoord";"       2"
"Openbare dronkenschap";"2022";"Schorsmolen";"       6"
"Openbare dronkenschap";"2022";"Station";"       2"
"Openbare dronkenschap";"2022";"City";"      19"
"Openbare dronkenschap";"2022";"Breda noord";"       6"
"Openbare dronkenschap";"2022";"Belcrum";"       3"
"Openbare dronkenschap";"2022";"Doornbos-Linie";"       1"
"Openbare dronkenschap";"2022";"Biesdonk";"       0"
"Openbare dronkenschap";"2022";"Geeren-zuid";"       0"
"Openbare dronkenschap";"2022";"Wisselaar";"       0"
"Openbare dronkenschap";"2022";"Krogten";"       2"
"Openbare dronkenschap";"2022";"Geeren-noord";"       0"
"Openbare dronkenschap";"2022";"Waterdonken";"       0"
"Openbare dronkenschap";"2022";"Breda oost";"       1"
"Openbare dronkenschap";"2022";"Brabantpark";"       0"
"Openbare dronkenschap";"2022";"Sportpark";"       1"
"Openbare dronkenschap";"2022";"Zandberg";"       0"
"Openbare dronkenschap";"2022";"Heusdenhout";"       0"
"Openbare dronkenschap";"2022";"Moleneind-oost";"       0"
"Openbare dronkenschap";"2022";"Hoogeind";"       0"
"Openbare dronkenschap";"2022";"Breda zuid-oost";"       2"
"Openbare dronkenschap";"2022";"Blauwe Kei";"       0"
"Openbare dronkenschap";"2022";"Ypelaar";"       2"
"Openbare dronkenschap";"2022";"Overakker";"       0"
"Openbare dronkenschap";"2022";"Ginneken";"       0"
"Openbare dronkenschap";"2022";"Mastbos";"       0"
"Openbare dronkenschap";"2022";"Breda zuid";"       0"
"Openbare dronkenschap";"2022";"Boeimeer";"       0"
"Openbare dronkenschap";"2022";"Ruitersbos";"       0"
"Openbare dronkenschap";"2022";"Breda west";"       4"
"Openbare dronkenschap";"2022";"Haagpoort";"       1"
"Openbare dronkenschap";"2022";"Heuvel";"       1"
"Openbare dronkenschap";"2022";"Tuinzigt";"       1"
"Openbare dronkenschap";"2022";"Princenhage";"       1"
"Openbare dronkenschap";"2022";"Westerpark";"       0"
"Openbare dronkenschap";"2022";"Heilaar";"       0"
"Openbare dronkenschap";"2022";"Hazeldonk";"       0"
"Openbare dronkenschap";"2022";"Steenakker";"       0"
"Openbare dronkenschap";"2022";"Effen-Rith";"       0"
"Openbare dronkenschap";"2022";"Liesbos";"       0"
"Openbare dronkenschap";"2022";"Breda noord-west";"       0"
"Openbare dronkenschap";"2022";"Gageldonk";"       0"
"Openbare dronkenschap";"2022";"Kievitsloop";"       0"
"Openbare dronkenschap";"2022";"Kesteren";"       0"
"Openbare dronkenschap";"2022";"Muizenberg";"       0"
"Openbare dronkenschap";"2022";"Heksenwiel";"       0"
"Openbare dronkenschap";"2022";"Overkroeten";"       0"
"Openbare dronkenschap";"2022";"Kroeten";"       0"
"Openbare dronkenschap";"2022";"Emer";"       0"
"Openbare dronkenschap";"2022";"Hagebeemd";"       0"
"Openbare dronkenschap";"2022";"Bavel";"       2"
"Openbare dronkenschap";"2022";"Bavel";"       2"
"Openbare dronkenschap";"2022";"Nieuw Wolfslaar";"       0"
"Openbare dronkenschap";"2022";"Buitengebied Bavel";"       0"
"Openbare dronkenschap";"2022";"Ulvenhout";"       1"
"Openbare dronkenschap";"2022";"Ulvenhout";"       0"
"Openbare dronkenschap";"2022";"Buitengebied Ulvenhout";"       1"
"Openbare dronkenschap";"2022";"Prinsenbeek";"       1"
"Openbare dronkenschap";"2022";"Prinsenbeek";"       1"
"Openbare dronkenschap";"2022";"Buitengebied Prinsenbeek";"       0"
"Openbare dronkenschap";"2022";"Teteringen";"       0"
"Openbare dronkenschap";"2022";"Teteringen";"       0"
"Openbare dronkenschap";"2022";"Vuchtpolder";"       0"
"Openbare dronkenschap";"2022";"Buitengebied Teteringen";"       0"
"Geluidshinder horeca";"2022";"Breda";"      27"
"Geluidshinder horeca";"2022";"Breda centrum";"      10"
"Geluidshinder horeca";"2022";"Valkenberg";"       0"
"Geluidshinder horeca";"2022";"Chassé";"       0"
"Geluidshinder horeca";"2022";"Fellenoord";"       0"
"Geluidshinder horeca";"2022";"Schorsmolen";"       4"
"Geluidshinder horeca";"2022";"Station";"       0"
"Geluidshinder horeca";"2022";"City";"       6"
"Geluidshinder horeca";"2022";"Breda noord";"       0"
"Geluidshinder horeca";"2022";"Belcrum";"       0"
"Geluidshinder horeca";"2022";"Doornbos-Linie";"       0"
"Geluidshinder horeca";"2022";"Biesdonk";"       0"
"Geluidshinder horeca";"2022";"Geeren-zuid";"       0"
"Geluidshinder horeca";"2022";"Wisselaar";"       0"
"Geluidshinder horeca";"2022";"Krogten";"       0"
"Geluidshinder horeca";"2022";"Geeren-noord";"       0"
"Geluidshinder horeca";"2022";"Waterdonken";"       0"
"Geluidshinder horeca";"2022";"Breda oost";"       2"
"Geluidshinder horeca";"2022";"Brabantpark";"       1"
"Geluidshinder horeca";"2022";"Sportpark";"       0"
"Geluidshinder horeca";"2022";"Zandberg";"       1"
"Geluidshinder horeca";"2022";"Heusdenhout";"       0"
"Geluidshinder horeca";"2022";"Moleneind-oost";"       0"
"Geluidshinder horeca";"2022";"Hoogeind";"       0"
"Geluidshinder horeca";"2022";"Breda zuid-oost";"       6"
"Geluidshinder horeca";"2022";"Blauwe Kei";"       3"
"Geluidshinder horeca";"2022";"Ypelaar";"       0"
"Geluidshinder horeca";"2022";"Overakker";"       0"
"Geluidshinder horeca";"2022";"Ginneken";"       3"
"Geluidshinder horeca";"2022";"Mastbos";"       0"
"Geluidshinder horeca";"2022";"Breda zuid";"       0"
"Geluidshinder horeca";"2022";"Boeimeer";"       0"
"Geluidshinder horeca";"2022";"Ruitersbos";"       0"
"Geluidshinder horeca";"2022";"Breda west";"       6"
"Geluidshinder horeca";"2022";"Haagpoort";"       0"
"Geluidshinder horeca";"2022";"Heuvel";"       0"
"Geluidshinder horeca";"2022";"Tuinzigt";"       2"
"Geluidshinder horeca";"2022";"Princenhage";"       4"
"Geluidshinder horeca";"2022";"Westerpark";"       0"
"Geluidshinder horeca";"2022";"Heilaar";"       0"
"Geluidshinder horeca";"2022";"Hazeldonk";"       0"
"Geluidshinder horeca";"2022";"Steenakker";"       0"
"Geluidshinder horeca";"2022";"Effen-Rith";"       0"
"Geluidshinder horeca";"2022";"Liesbos";"       0"
"Geluidshinder horeca";"2022";"Breda noord-west";"       2"
"Geluidshinder horeca";"2022";"Gageldonk";"       1"
"Geluidshinder horeca";"2022";"Kievitsloop";"       0"
"Geluidshinder horeca";"2022";"Kesteren";"       0"
"Geluidshinder horeca";"2022";"Muizenberg";"       0"
"Geluidshinder horeca";"2022";"Heksenwiel";"       1"
"Geluidshinder horeca";"2022";"Overkroeten";"       0"
"Geluidshinder horeca";"2022";"Kroeten";"       0"
"Geluidshinder horeca";"2022";"Emer";"       0"
"Geluidshinder horeca";"2022";"Hagebeemd";"       0"
"Geluidshinder horeca";"2022";"Bavel";"       0"
"Geluidshinder horeca";"2022";"Bavel";"       0"
"Geluidshinder horeca";"2022";"Nieuw Wolfslaar";"       0"
"Geluidshinder horeca";"2022";"Buitengebied Bavel";"       0"
"Geluidshinder horeca";"2022";"Ulvenhout";"       1"
"Geluidshinder horeca";"2022";"Ulvenhout";"       1"
"Geluidshinder horeca";"2022";"Buitengebied Ulvenhout";"       0"
"Geluidshinder horeca";"2022";"Prinsenbeek";"       0"
"Geluidshinder horeca";"2022";"Prinsenbeek";"       0"
"Geluidshinder horeca";"2022";"Buitengebied Prinsenbeek";"       0"
"Geluidshinder horeca";"2022";"Teteringen";"       0"
"Geluidshinder horeca";"2022";"Teteringen";"       0"
"Geluidshinder horeca";"2022";"Vuchtpolder";"       0"
"Geluidshinder horeca";"2022";"Buitengebied Teteringen";"       0"
"Geluidshinder evenement";"2022";"Breda";"      15"
"Geluidshinder evenement";"2022";"Breda centrum";"       1"
"Geluidshinder evenement";"2022";"Valkenberg";"       0"
"Geluidshinder evenement";"2022";"Chassé";"       0"
"Geluidshinder evenement";"2022";"Fellenoord";"       0"
"Geluidshinder evenement";"2022";"Schorsmolen";"       0"
"Geluidshinder evenement";"2022";"Station";"       0"
"Geluidshinder evenement";"2022";"City";"       1"
"Geluidshinder evenement";"2022";"Breda noord";"       1"
"Geluidshinder evenement";"2022";"Belcrum";"       0"
"Geluidshinder evenement";"2022";"Doornbos-Linie";"       0"
"Geluidshinder evenement";"2022";"Biesdonk";"       0"
"Geluidshinder evenement";"2022";"Geeren-zuid";"       0"
"Geluidshinder evenement";"2022";"Wisselaar";"       0"
"Geluidshinder evenement";"2022";"Krogten";"       1"
"Geluidshinder evenement";"2022";"Geeren-noord";"       0"
"Geluidshinder evenement";"2022";"Waterdonken";"       0"
"Geluidshinder evenement";"2022";"Breda oost";"       3"
"Geluidshinder evenement";"2022";"Brabantpark";"       0"
"Geluidshinder evenement";"2022";"Sportpark";"       1"
"Geluidshinder evenement";"2022";"Zandberg";"       0"
"Geluidshinder evenement";"2022";"Heusdenhout";"       0"
"Geluidshinder evenement";"2022";"Moleneind-oost";"       0"
"Geluidshinder evenement";"2022";"Hoogeind";"       2"
"Geluidshinder evenement";"2022";"Breda zuid-oost";"       1"
"Geluidshinder evenement";"2022";"Blauwe Kei";"       0"
"Geluidshinder evenement";"2022";"Ypelaar";"       1"
"Geluidshinder evenement";"2022";"Overakker";"       0"
"Geluidshinder evenement";"2022";"Ginneken";"       0"
"Geluidshinder evenement";"2022";"Mastbos";"       0"
"Geluidshinder evenement";"2022";"Breda zuid";"       0"
"Geluidshinder evenement";"2022";"Boeimeer";"       0"
"Geluidshinder evenement";"2022";"Ruitersbos";"       0"
"Geluidshinder evenement";"2022";"Breda west";"       0"
"Geluidshinder evenement";"2022";"Haagpoort";"       0"
"Geluidshinder evenement";"2022";"Heuvel";"       0"
"Geluidshinder evenement";"2022";"Tuinzigt";"       0"
"Geluidshinder evenement";"2022";"Princenhage";"       0"
"Geluidshinder evenement";"2022";"Westerpark";"       0"
"Geluidshinder evenement";"2022";"Heilaar";"       0"
"Geluidshinder evenement";"2022";"Hazeldonk";"       0"
"Geluidshinder evenement";"2022";"Steenakker";"       0"
"Geluidshinder evenement";"2022";"Effen-Rith";"       0"
"Geluidshinder evenement";"2022";"Liesbos";"       0"
"Geluidshinder evenement";"2022";"Breda noord-west";"       1"
"Geluidshinder evenement";"2022";"Gageldonk";"       0"
"Geluidshinder evenement";"2022";"Kievitsloop";"       0"
"Geluidshinder evenement";"2022";"Kesteren";"       0"
"Geluidshinder evenement";"2022";"Muizenberg";"       0"
"Geluidshinder evenement";"2022";"Heksenwiel";"       0"
"Geluidshinder evenement";"2022";"Overkroeten";"       1"
"Geluidshinder evenement";"2022";"Kroeten";"       0"
"Geluidshinder evenement";"2022";"Emer";"       0"
"Geluidshinder evenement";"2022";"Hagebeemd";"       0"
"Geluidshinder evenement";"2022";"Bavel";"       3"
"Geluidshinder evenement";"2022";"Bavel";"       1"
"Geluidshinder evenement";"2022";"Nieuw Wolfslaar";"       1"
"Geluidshinder evenement";"2022";"Buitengebied Bavel";"       1"
"Geluidshinder evenement";"2022";"Ulvenhout";"       0"
"Geluidshinder evenement";"2022";"Ulvenhout";"       0"
"Geluidshinder evenement";"2022";"Buitengebied Ulvenhout";"       0"
"Geluidshinder evenement";"2022";"Prinsenbeek";"       5"
"Geluidshinder evenement";"2022";"Prinsenbeek";"       5"
"Geluidshinder evenement";"2022";"Buitengebied Prinsenbeek";"       0"
"Geluidshinder evenement";"2022";"Teteringen";"       0"
"Geluidshinder evenement";"2022";"Teteringen";"       0"
"Geluidshinder evenement";"2022";"Vuchtpolder";"       0"
"Geluidshinder evenement";"2022";"Buitengebied Teteringen";"       0"
"Geluidshinder overig";"2022";"Breda";"    1719"
"Geluidshinder overig";"2022";"Breda centrum";"     303"
"Geluidshinder overig";"2022";"Valkenberg";"      33"
"Geluidshinder overig";"2022";"Chassé";"      46"
"Geluidshinder overig";"2022";"Fellenoord";"      44"
"Geluidshinder overig";"2022";"Schorsmolen";"     108"
"Geluidshinder overig";"2022";"Station";"      35"
"Geluidshinder overig";"2022";"City";"      37"
"Geluidshinder overig";"2022";"Breda noord";"     201"
"Geluidshinder overig";"2022";"Belcrum";"      11"
"Geluidshinder overig";"2022";"Doornbos-Linie";"      49"
"Geluidshinder overig";"2022";"Biesdonk";"      49"
"Geluidshinder overig";"2022";"Geeren-zuid";"      29"
"Geluidshinder overig";"2022";"Wisselaar";"      18"
"Geluidshinder overig";"2022";"Krogten";"      15"
"Geluidshinder overig";"2022";"Geeren-noord";"      25"
"Geluidshinder overig";"2022";"Waterdonken";"       5"
"Geluidshinder overig";"2022";"Breda oost";"     205"
"Geluidshinder overig";"2022";"Brabantpark";"      85"
"Geluidshinder overig";"2022";"Sportpark";"      25"
"Geluidshinder overig";"2022";"Zandberg";"      45"
"Geluidshinder overig";"2022";"Heusdenhout";"      47"
"Geluidshinder overig";"2022";"Moleneind-oost";"       0"
"Geluidshinder overig";"2022";"Hoogeind";"       3"
"Geluidshinder overig";"2022";"Breda zuid-oost";"      73"
"Geluidshinder overig";"2022";"Blauwe Kei";"      13"
"Geluidshinder overig";"2022";"Ypelaar";"      21"
"Geluidshinder overig";"2022";"Overakker";"      14"
"Geluidshinder overig";"2022";"Ginneken";"      25"
"Geluidshinder overig";"2022";"Mastbos";"       0"
"Geluidshinder overig";"2022";"Breda zuid";"      50"
"Geluidshinder overig";"2022";"Boeimeer";"      37"
"Geluidshinder overig";"2022";"Ruitersbos";"      13"
"Geluidshinder overig";"2022";"Breda west";"     383"
"Geluidshinder overig";"2022";"Haagpoort";"      35"
"Geluidshinder overig";"2022";"Heuvel";"     146"
"Geluidshinder overig";"2022";"Tuinzigt";"      90"
"Geluidshinder overig";"2022";"Princenhage";"      81"
"Geluidshinder overig";"2022";"Westerpark";"      17"
"Geluidshinder overig";"2022";"Heilaar";"       5"
"Geluidshinder overig";"2022";"Hazeldonk";"       0"
"Geluidshinder overig";"2022";"Steenakker";"       2"
"Geluidshinder overig";"2022";"Effen-Rith";"       4"
"Geluidshinder overig";"2022";"Liesbos";"       3"
"Geluidshinder overig";"2022";"Breda noord-west";"     372"
"Geluidshinder overig";"2022";"Gageldonk";"      37"
"Geluidshinder overig";"2022";"Kievitsloop";"      23"
"Geluidshinder overig";"2022";"Kesteren";"     135"
"Geluidshinder overig";"2022";"Muizenberg";"     101"
"Geluidshinder overig";"2022";"Heksenwiel";"      32"
"Geluidshinder overig";"2022";"Overkroeten";"      23"
"Geluidshinder overig";"2022";"Kroeten";"      19"
"Geluidshinder overig";"2022";"Emer";"       0"
"Geluidshinder overig";"2022";"Hagebeemd";"       2"
"Geluidshinder overig";"2022";"Bavel";"      24"
"Geluidshinder overig";"2022";"Bavel";"      12"
"Geluidshinder overig";"2022";"Nieuw Wolfslaar";"       9"
"Geluidshinder overig";"2022";"Buitengebied Bavel";"       3"
"Geluidshinder overig";"2022";"Ulvenhout";"      38"
"Geluidshinder overig";"2022";"Ulvenhout";"      37"
"Geluidshinder overig";"2022";"Buitengebied Ulvenhout";"       1"
"Geluidshinder overig";"2022";"Prinsenbeek";"      48"
"Geluidshinder overig";"2022";"Prinsenbeek";"      43"
"Geluidshinder overig";"2022";"Buitengebied Prinsenbeek";"       5"
"Geluidshinder overig";"2022";"Teteringen";"      22"
"Geluidshinder overig";"2022";"Teteringen";"      19"
"Geluidshinder overig";"2022";"Vuchtpolder";"       1"
"Geluidshinder overig";"2022";"Buitengebied Teteringen";"       2"
