,cbs_grid_code,livability_score
0,E1068N3982,2.42390746926712
1,E1071N4012,2.376780302275761
2,E1073N4018,2.533114964672104
3,E1074N4011,2.4058251103923376
4,E1074N4017,2.502466104974352
5,E1075N4005,2.343563705689067
6,E1075N4006,2.3490739553649136
7,E1075N4007,2.350150020055524
8,E1075N4008,2.375981743604336
9,E1075N4009,2.404968555864272
10,E1075N4011,2.3870855728086267
11,E1075N4015,2.4789928772993264
12,E1075N4016,2.471945519280706
13,E1075N4017,2.479012253643922
14,E1075N4018,2.477409805075778
15,E1076N3965,2.368633157562154
16,E1076N4005,2.342718285464996
17,E1076N4006,2.3107740032808697
18,E1076N4007,2.295785117908055
19,E1076N4008,2.2834425770699163
20,E1076N4009,2.386950377407694
21,E1076N4010,2.377350475134648
22,E1076N4011,2.385565457833273
23,E1076N4014,2.4772758961610992
24,E1076N4015,2.478177119456645
25,E1076N4016,2.472944359220133
26,E1076N4017,2.47451467074737
27,E1076N4018,2.466546031144265
28,E1076N4019,2.422918817889992
29,E1076N4020,2.436072220133377
30,E1077N4005,2.324772321123424
31,E1077N4006,2.269479015025916
32,E1077N4007,2.282432609947912
33,E1077N4008,2.28284472700105
34,E1077N4009,2.3326691422481165
35,E1077N4010,2.355579006515445
36,E1077N4011,2.377764804369344
37,E1077N4014,2.4952719104308265
38,E1077N4015,2.4896596219128564
39,E1077N4016,2.476359560629243
40,E1077N4017,2.4751687377885934
41,E1077N4018,2.437080440503153
42,E1077N4019,2.433235137601454
43,E1078N4005,2.334029699920269
44,E1078N4006,2.2845070221349784
45,E1078N4007,2.2941522205663416
46,E1078N4008,2.2997638948622297
47,E1078N4009,2.307890090025841
48,E1078N4010,2.31501313619427
49,E1078N4011,2.3337789759673595
50,E1078N4013,2.443314433692664
51,E1078N4014,2.48083419288936
52,E1078N4016,2.465040849004955
53,E1078N4017,2.4686637192089984
54,E1078N4018,2.4275458917378048
55,E1079N4004,2.4148705300407154
56,E1079N4005,2.357945984855701
57,E1079N4006,2.3182236739554023
58,E1079N4007,2.320166344402192
59,E1079N4008,2.3217110831545136
60,E1079N4009,2.2973506812398314
61,E1079N4010,2.3078128703552303
62,E1079N4011,2.303057287839376
63,E1079N4012,2.344283445973971
64,E1079N4013,2.4028105753791547
65,E1079N4014,2.4332924697372165
66,E1079N4015,2.436029884029147
67,E1079N4016,2.42758709275592
68,E1079N4017,2.4165263049018666
69,E1079N4018,2.385271119562751
70,E1079N4019,2.382894376640249
71,E1080N4004,2.485643516158065
72,E1080N4005,2.470427341621551
73,E1080N4006,2.385688437103386
74,E1080N4007,2.348120413158485
75,E1080N4008,2.318262062277418
76,E1080N4009,2.310139039602105
77,E1080N4010,2.2866552520933485
78,E1080N4011,2.2751484095977013
79,E1080N4012,2.2840789252536644
80,E1080N4013,2.325039028454128
81,E1080N4014,2.3612565747360383
82,E1080N4015,2.362995691010788
83,E1080N4016,2.3681049911311955
84,E1080N4017,2.3744984015529806
85,E1080N4018,2.341776808619768
86,E1080N4019,2.3523891847879
87,E1080N4024,2.2961319133686047
88,E1081N3993,2.484426726188232
89,E1081N3995,2.4653013413190923
90,E1081N4004,2.477767277585289
91,E1081N4005,2.463006388706261
92,E1081N4006,2.443184109409868
93,E1081N4007,2.396618720147506
94,E1081N4008,2.365003521426482
95,E1081N4009,2.302727440171414
96,E1081N4010,2.281086955859329
97,E1081N4011,2.226511797936245
98,E1081N4012,2.2171715972902417
99,E1081N4013,2.2569252630992067
100,E1081N4014,2.2789657466100577
101,E1081N4015,2.306019993262918
102,E1081N4016,2.3135781073856645
103,E1081N4017,2.3258711444242306
104,E1081N4018,2.330221884493485
105,E1081N4019,2.333086702501864
106,E1081N4020,2.3166170459800552
107,E1081N4021,2.2893696399711785
108,E1081N4023,2.3162082139996807
109,E1081N4024,2.323472287358621
110,E1082N3991,2.600528139939557
111,E1082N4005,2.460576109976357
112,E1082N4006,2.4352738474149724
113,E1082N4007,2.4065470312162747
114,E1082N4008,2.335170007661774
115,E1082N4009,2.286322617807492
116,E1082N4010,2.2401283360432664
117,E1082N4011,2.2211066243662354
118,E1082N4012,2.2137440867549847
119,E1082N4013,2.22685472090256
120,E1082N4014,2.225267983532333
121,E1082N4015,2.243366000791561
122,E1082N4016,2.262022946116528
123,E1082N4017,2.284604038276271
124,E1082N4018,2.3088385335463766
125,E1082N4019,2.309357392594784
126,E1082N4020,2.2963686680729003
127,E1082N4021,2.2745515455513914
128,E1082N4022,2.2555945104200217
129,E1082N4023,2.281954808364787
130,E1082N4024,2.32195327993386
131,E1083N4004,2.4305108272435687
132,E1083N4005,2.4488600472507605
133,E1083N4006,2.443714913216673
134,E1083N4007,2.3534605867544176
135,E1083N4008,2.26662584617175
136,E1083N4009,2.238193989690438
137,E1083N4010,2.206419090791406
138,E1083N4011,2.208551019256119
139,E1083N4012,2.217936023782696
140,E1083N4013,2.21541022304225
141,E1083N4014,2.23827759847526
142,E1083N4015,2.2295605642948506
143,E1083N4016,2.2397906255965743
144,E1083N4017,2.264562078682163
145,E1083N4018,2.291277384461284
146,E1083N4019,2.302091755023308
147,E1083N4020,2.2755282848045733
148,E1083N4021,2.25900299644268
149,E1083N4022,2.25869400914746
150,E1083N4023,2.276330388400872
151,E1083N4024,2.317182098880637
152,E1084N4007,2.304515891491036
153,E1084N4008,2.2379000643662845
154,E1084N4009,2.210167356432493
155,E1084N4010,2.200660186177517
156,E1084N4011,2.2104957436242585
157,E1084N4012,2.205546890337589
158,E1084N4013,2.2100373371452338
159,E1084N4014,2.224894041766082
160,E1084N4015,2.217844293808266
161,E1084N4016,2.2458847406516456
162,E1084N4017,2.2887880782238814
163,E1084N4018,2.29783335541762
164,E1084N4019,2.3322283736190204
165,E1084N4020,2.261232292752457
166,E1084N4021,2.248556617700206
167,E1084N4022,2.24416454609962
168,E1084N4023,2.257565576907773
169,E1084N4024,2.30919674149925
170,E1084N4025,2.3847104130451804
171,E1085N4007,2.2687833178714176
172,E1085N4008,2.211542035802314
173,E1085N4009,2.19269245248036
174,E1085N4010,2.1972710894305707
175,E1085N4011,2.205455749564278
176,E1085N4012,2.2010493143491825
177,E1085N4013,2.2122625496280546
178,E1085N4014,2.2292105636039525
179,E1085N4015,2.260915230883952
180,E1085N4016,2.258912010917334
181,E1085N4017,2.2900789227212988
182,E1085N4018,2.345550081724294
183,E1085N4019,2.3420483746424767
184,E1085N4020,2.3756782863877355
185,E1085N4021,2.246332642935025
186,E1085N4022,2.265828126407875
187,E1085N4023,2.28768616167658
188,E1086N4006,2.336779619715562
189,E1086N4007,2.286636436605226
190,E1086N4008,2.206227370439178
191,E1086N4009,2.174481704316087
192,E1086N4010,2.1837801908435965
193,E1086N4011,2.2127682311168653
194,E1086N4012,2.2010904992241023
195,E1086N4013,2.212871472023102
196,E1086N4014,2.264160052320568
197,E1086N4015,2.2750965701601853
198,E1086N4016,2.2802333782892616
199,E1086N4017,2.284362552495646
200,E1086N4018,2.386613788134168
201,E1087N4005,2.4194065967984337
202,E1087N4007,2.311174721762723
203,E1087N4008,2.234676099208025
204,E1087N4009,2.187746603760492
205,E1087N4010,2.1918562538714657
206,E1087N4011,2.218707387862896
207,E1087N4012,2.219945367137212
208,E1087N4013,2.1992451698844224
209,E1087N4014,2.266882923216317
210,E1087N4015,2.3027330364697454
211,E1087N4016,2.304667861345
212,E1087N4017,2.343513566827331
213,E1088N4005,2.438408892653728
214,E1088N4007,2.339771862318131
215,E1088N4008,2.243222346794429
216,E1088N4009,2.202983778667612
217,E1088N4010,2.2094230502880627
218,E1088N4011,2.229760268850777
219,E1088N4012,2.264992529819273
220,E1088N4013,2.271204990262388
221,E1088N4014,2.277650137995683
222,E1088N4015,2.30321583667761
223,E1088N4026,2.03656534851622
224,E1088N4029,1.876118735961822
225,E1088N4030,1.8777711238045112
226,E1088N4031,1.887341007266085
227,E1089N4007,2.2845527091845867
228,E1089N4008,2.276975940121255
229,E1089N4009,2.2676184210132715
230,E1089N4024,2.02405037895536
231,E1089N4025,1.963900286150734
232,E1089N4026,1.9834311632078416
233,E1089N4027,2.0154035878321777
234,E1089N4028,1.967744169679896
235,E1089N4029,1.886982942654062
236,E1089N4030,1.8927502465215893
237,E1089N4031,1.893806106620102
238,E1089N4032,1.9173706249808629
239,E1090N4021,1.8945752573488404
240,E1090N4023,1.946140747825556
241,E1090N4024,1.951528408536748
242,E1090N4025,1.909458700197688
243,E1090N4026,1.9584435240608264
244,E1090N4027,1.9880802902183103
245,E1090N4028,1.99251638183298
246,E1090N4029,1.908934653980645
247,E1090N4030,1.892048938068099
248,E1090N4031,1.9392301074973368
249,E1090N4032,2.0542144672062013
250,E1091N4010,2.450808463123033
251,E1091N4011,2.451989461903775
252,E1091N4019,1.9559230012553328
253,E1091N4020,1.9491835260011672
254,E1091N4021,1.9242968525787083
255,E1091N4022,1.9322696285223944
256,E1091N4023,1.9034475491207048
257,E1091N4024,1.9123554028568288
258,E1091N4025,1.9093459384844933
259,E1091N4026,1.9491955933725456
260,E1091N4027,2.012179233429263
261,E1091N4028,2.071090211794396
262,E1091N4029,2.046938613087437
263,E1091N4030,2.088892592214577
264,E1091N4031,2.1114089787280603
265,E1091N4032,2.152520543212931
266,E1091N4033,2.242966307419027
267,E1091N4036,2.3115337679016
268,E1092N4009,2.438155687792288
269,E1092N4010,2.445282015315055
270,E1092N4019,2.0577724747095307
271,E1092N4020,1.975218823816778
272,E1092N4021,1.9499828472559195
273,E1092N4022,1.9229243881085103
274,E1092N4023,1.93622258344862
275,E1092N4024,1.935503961408532
276,E1092N4025,1.9512578604187631
277,E1092N4026,2.004142386149093
278,E1092N4027,2.1089339502270144
279,E1092N4028,2.1673123123521543
280,E1092N4029,2.1695639281351915
281,E1092N4030,2.185948967207473
282,E1092N4031,2.1957899091231976
283,E1092N4032,2.2313474947769163
284,E1092N4033,2.271530337371333
285,E1092N4035,2.28638345721619
286,E1092N4036,2.2536556032602104
287,E1092N4037,2.1847549705692044
288,E1092N4038,2.262334575303961
289,E1093N4009,2.41838008786779
290,E1093N4019,2.1934086933023127
291,E1093N4020,2.096894520400117
292,E1093N4021,2.0757669356209187
293,E1093N4023,1.991069070986947
294,E1093N4024,1.9773749852344664
295,E1093N4025,2.023087163070691
296,E1093N4026,2.094341315109649
297,E1093N4027,2.2102172285264667
298,E1093N4028,2.1972815897381217
299,E1093N4029,2.2301605906775204
300,E1093N4030,2.2403562876836376
301,E1093N4032,2.234063682361457
302,E1093N4033,2.268336379740252
303,E1093N4034,2.294787797194243
304,E1093N4035,2.2378834417057494
305,E1093N4036,2.1718600134226973
306,E1093N4037,2.149912371312367
307,E1093N4038,2.1589745517279875
308,E1093N4039,2.206233976924214
309,E1094N3958,2.502521879753488
310,E1094N3960,2.5072142484553
311,E1094N3961,2.463479906825697
312,E1094N3990,2.4669831612800097
313,E1094N4009,2.4108406648973184
314,E1094N4019,2.250112309207224
315,E1094N4020,2.2241755038107285
316,E1094N4021,2.1832430740183666
317,E1094N4022,2.1538700261280908
318,E1094N4027,2.2567545355038474
319,E1094N4032,2.138643052575992
320,E1094N4034,2.310420606963408
321,E1094N4035,2.216754266319436
322,E1094N4036,2.1363338286908173
323,E1094N4037,2.1243074509687165
324,E1094N4038,2.130831940295391
325,E1094N4039,2.171750583610617
326,E1094N4040,2.2997971632905907
327,E1094N4041,2.3037441369332243
328,E1095N3960,2.475576736584528
329,E1095N3961,2.478708315256912
330,E1095N3962,2.456745536248619
331,E1095N3985,2.3501521881917897
332,E1095N3986,2.404522516580355
333,E1095N3987,2.420641947281796
334,E1095N3988,2.4258633671677647
335,E1095N3989,2.438569115943992
336,E1095N3990,2.453163321804997
337,E1095N4009,2.3707180661504177
338,E1095N4017,2.2429537402798854
339,E1095N4018,2.250472257533976
340,E1095N4019,2.267046731449448
341,E1095N4020,2.275239915430535
342,E1095N4021,2.283373050806074
343,E1095N4031,2.3555517938523973
344,E1095N4033,2.2735827926999947
345,E1095N4034,2.2954278006708115
346,E1095N4035,2.187187197575082
347,E1095N4036,2.141729875683301
348,E1095N4037,2.1245538481366784
349,E1095N4038,2.1247587424078627
350,E1095N4039,2.166463295634917
351,E1095N4040,2.25347036093474
352,E1095N4041,2.346957936748968
353,E1095N4042,2.354239939318595
354,E1096N3960,2.4417995101470606
355,E1096N3961,2.439713599807398
356,E1096N3962,2.449575052246796
357,E1096N3983,2.260680122095194
358,E1096N3984,2.2717640584899925
359,E1096N3985,2.2844071096315965
360,E1096N3986,2.3112078265757874
361,E1096N3987,2.34804514427718
362,E1096N3988,2.3771279922905344
363,E1096N3989,2.399932919446174
364,E1096N4010,2.314040085621333
365,E1096N4011,2.362085136573619
366,E1096N4013,2.3433857637442617
367,E1096N4017,2.22442017679296
368,E1096N4018,2.2227567175476355
369,E1096N4019,2.256216331929741
370,E1096N4020,2.279594023188735
371,E1096N4031,2.3599096801394546
372,E1096N4032,2.3232142725926783
373,E1096N4033,2.304348537841669
374,E1096N4034,2.291347910347437
375,E1096N4035,2.2358082143265623
376,E1096N4036,2.1362189260626256
377,E1096N4037,2.1262421502656337
378,E1096N4038,2.1380817548723567
379,E1096N4039,2.187739984291719
380,E1096N4040,2.275624899517932
381,E1096N4041,2.342497260899415
382,E1096N4042,2.360531378550831
383,E1096N4043,2.32649252122392
384,E1097N3960,2.451658680062588
385,E1097N3961,2.457623864937937
386,E1097N3962,2.467112963670566
387,E1097N3981,2.202820902807199
388,E1097N3982,2.2338819852267005
389,E1097N3983,2.22659373091406
390,E1097N3984,2.254437728591652
391,E1097N3985,2.265464371102084
392,E1097N3986,2.295563928037024
393,E1097N3987,2.3360139905720203
394,E1097N3988,2.3329749902195025
395,E1097N3989,2.2946283682474604
396,E1097N3990,2.260185869610857
397,E1097N3991,2.308205949550016
398,E1097N3992,2.300968189664733
399,E1097N4012,2.229281586796768
400,E1097N4013,2.322131899168572
401,E1097N4017,2.233500148977744
402,E1097N4018,2.2362515280015094
403,E1097N4019,2.2511618449724096
404,E1097N4020,2.283609363909609
405,E1097N4021,2.358915282852925
406,E1097N4031,2.3861023039372973
407,E1097N4032,2.330448121234508
408,E1097N4033,2.2941373614329104
409,E1097N4034,2.2505248289213053
410,E1097N4035,2.2037959573365047
411,E1097N4036,2.157071161686372
412,E1097N4037,2.1243618833148226
413,E1097N4038,2.1366752196732337
414,E1097N4039,2.239602294019035
415,E1097N4040,2.2729710048865788
416,E1097N4041,2.288467966804121
417,E1097N4042,2.308951306438772
418,E1097N4043,2.348308504924616
419,E1097N4044,2.3294419919332845
420,E1098N3980,2.175498382324967
421,E1098N3981,2.1872373220941985
422,E1098N3982,2.204515046325542
423,E1098N3983,2.2432148363028586
424,E1098N3984,2.274762620090056
425,E1098N3985,2.2864664242570085
426,E1098N3986,2.2945957317213
427,E1098N3987,2.307634415992016
428,E1098N3988,2.248904744382444
429,E1098N3989,2.2285779844921945
430,E1098N3990,2.224846712703844
431,E1098N3991,2.275971315893643
432,E1098N4011,2.248377411839752
433,E1098N4012,2.2724700737479195
434,E1098N4013,2.382809624521612
435,E1098N4014,2.397017086033299
436,E1098N4017,2.234525493194513
437,E1098N4018,2.237176714995134
438,E1098N4019,2.24143307975678
439,E1098N4020,2.3067393264531257
440,E1098N4021,2.354251708474552
441,E1098N4031,2.3839085698919256
442,E1098N4032,2.3121774503700525
443,E1098N4033,2.2814510030767945
444,E1098N4034,2.244403973496535
445,E1098N4035,2.1663730628665863
446,E1098N4036,2.1061794048418423
447,E1098N4037,2.099156611406296
448,E1098N4038,2.2073802454190314
449,E1098N4039,2.260712781444852
450,E1098N4040,2.273195563012056
451,E1098N4041,2.2741005533154253
452,E1098N4042,2.197793274038498
453,E1098N4043,2.2051775994087484
454,E1098N4044,2.259696576266229
455,E1098N4045,2.32376497361915
456,E1099N3979,2.170938851560144
457,E1099N3980,2.163972040140475
458,E1099N3981,2.134082403663514
459,E1099N3982,2.178859299575942
460,E1099N3983,2.2241422153694432
461,E1099N3984,2.282496953973775
462,E1099N3985,2.332397105488169
463,E1099N3986,2.336356076818248
464,E1099N3987,2.333133669657311
465,E1099N3988,2.274639935517232
466,E1099N3989,2.248825598412376
467,E1099N3990,2.205077853179791
468,E1099N3991,2.2702429345123005
469,E1099N3992,2.3285571464186106
470,E1099N3993,2.405076656840858
471,E1099N3996,2.390756235659808
472,E1099N3998,2.433381115943777
473,E1099N3999,2.406805714071293
474,E1099N4013,2.3066611219808224
475,E1099N4016,2.303174769513418
476,E1099N4017,2.2494661491075663
477,E1099N4018,2.246742251594178
478,E1099N4019,2.255708266520834
479,E1099N4031,2.378690398383652
480,E1099N4032,2.3415305760125205
481,E1099N4033,2.291752592102742
482,E1099N4034,2.245142125892658
483,E1099N4035,2.147288310103647
484,E1099N4036,2.0698947339391056
485,E1099N4037,2.0889236624038405
486,E1099N4038,2.1654584845690854
487,E1099N4039,2.2444466745135667
488,E1099N4040,2.233971006998167
489,E1099N4041,2.144520079814117
490,E1099N4042,2.079101449775064
491,E1099N4043,2.07745938434002
492,E1099N4044,2.219200926308965
493,E1099N4045,2.285504223355438
494,E1099N4046,2.332844521880232
495,E1100N3978,2.3716979032493137
496,E1100N3979,2.2636805420620094
497,E1100N3980,2.162782888372912
498,E1100N3981,2.132463084588866
499,E1100N3982,2.148474354847505
500,E1100N3983,2.260298630172545
501,E1100N3984,2.306306335032418
502,E1100N3985,2.3688697148960007
503,E1100N3986,2.3642524359056054
504,E1100N3987,2.344270377224822
505,E1100N3988,2.3273908208577825
506,E1100N3989,2.303329112924624
507,E1100N3990,2.255698523389514
508,E1100N3991,2.260736776178967
509,E1100N3992,2.2868727050724864
510,E1100N3996,2.415869533972811
511,E1100N3997,2.4926346441988745
512,E1100N3998,2.476679503706803
513,E1100N3999,2.420231430306876
514,E1100N4016,2.291391189938153
515,E1100N4017,2.236343482116647
516,E1100N4018,2.2254273524868773
517,E1100N4019,2.256227441631885
518,E1100N4032,2.3724612226102555
519,E1100N4033,2.3031032295071485
520,E1100N4034,2.235471523053287
521,E1100N4035,2.1173586436026004
522,E1100N4036,2.094346291967918
523,E1100N4037,2.0688468230004244
524,E1100N4038,2.0779317841316134
525,E1100N4039,2.1177692346461447
526,E1100N4040,2.104813439266298
527,E1100N4041,2.0733459219458323
528,E1100N4042,2.045207936732252
529,E1100N4043,2.0722533465212263
530,E1100N4044,2.166666140299767
531,E1100N4045,2.258122563646489
532,E1100N4046,2.3557667445515404
533,E1101N3977,2.589770223120284
534,E1101N3978,2.5076665833586897
535,E1101N3979,2.308929134030196
536,E1101N3980,2.164243086947606
537,E1101N3981,2.135989466555687
538,E1101N3982,2.1635176775900886
539,E1101N3983,2.1875518705957626
540,E1101N3984,2.283559783993605
541,E1101N3985,2.3452610765950586
542,E1101N3986,2.3517556701539086
543,E1101N3988,2.29340728980876
544,E1101N3989,2.3127569433024595
545,E1101N3990,2.2948046735309724
546,E1101N3991,2.280704124303535
547,E1101N3992,2.311475100298432
548,E1101N3993,2.304449274163616
549,E1101N3996,2.490844233911564
550,E1101N4015,2.2453731164293096
551,E1101N4016,2.2403064469520584
552,E1101N4017,2.246706462300711
553,E1101N4021,2.3333158433795926
554,E1101N4022,2.3505710820209305
555,E1101N4023,2.3593883430877347
556,E1101N4025,2.271868697447447
557,E1101N4026,2.280857050340912
558,E1101N4034,2.2552708571112112
559,E1101N4035,2.169981601394116
560,E1101N4036,2.1192767232095977
561,E1101N4037,2.057581344321248
562,E1101N4038,2.0587229247538468
563,E1101N4039,2.0610062564166025
564,E1101N4040,2.083260368849884
565,E1101N4041,2.054917415772173
566,E1101N4042,2.069248822538865
567,E1101N4043,2.107964402135136
568,E1101N4044,2.225562424587656
569,E1101N4045,2.26871623588939
570,E1101N4046,2.3757544774980963
571,E1102N3978,2.519359006190177
572,E1102N3979,2.3987760163481
573,E1102N3980,2.180489651355997
574,E1102N3981,2.1477241832946405
575,E1102N3982,2.1628524387238386
576,E1102N3983,2.196192792486313
577,E1102N3984,2.278532628800496
578,E1102N3985,2.2730371465186505
579,E1102N3986,2.2421038267569875
580,E1102N3987,2.131953657678861
581,E1102N3988,2.1080937389463386
582,E1102N3989,2.258183208771732
583,E1102N3990,2.2996902300281774
584,E1102N3991,2.300371980232628
585,E1102N3992,2.2915323443055167
586,E1102N3993,2.3016278702616684
587,E1102N3996,2.458507286582646
588,E1102N4002,2.311341791207096
589,E1102N4003,2.268617775764208
590,E1102N4004,2.215500383877496
591,E1102N4015,2.2627077180447133
592,E1102N4016,2.24982761568342
593,E1102N4017,2.2383728727600896
594,E1102N4020,2.292243054021471
595,E1102N4021,2.2953219021710525
596,E1102N4022,2.301424354895068
597,E1102N4023,2.2797718203525825
598,E1102N4025,2.254712940811252
599,E1102N4026,2.2788191797319644
600,E1102N4027,2.2742096517467485
601,E1102N4028,2.2887603719405063
602,E1102N4034,2.3088761028408884
603,E1102N4035,2.2339760005019684
604,E1102N4036,2.15047863519679
605,E1102N4037,2.077029006327473
606,E1102N4038,2.071176459301295
607,E1102N4039,2.0789410204952974
608,E1102N4040,2.1186028569827817
609,E1102N4041,2.174937911579303
610,E1102N4042,2.176313804669492
611,E1102N4043,2.218016113397443
612,E1102N4044,2.2601390231864307
613,E1102N4045,2.322566891167406
614,E1102N4046,2.380405190687175
615,E1103N3978,2.452213378912305
616,E1103N3979,2.3963996731044213
617,E1103N3980,2.1943310778802587
618,E1103N3981,2.194233545917908
619,E1103N3982,2.126112844056715
620,E1103N3983,2.072276662563251
621,E1103N3984,2.1223485400777427
622,E1103N3985,2.101049215070712
623,E1103N3986,2.11248614874305
624,E1103N3987,2.045105860906417
625,E1103N3988,2.0647155150891887
626,E1103N3989,2.181740768591163
627,E1103N3990,2.2649110649777944
628,E1103N3991,2.3101821056068146
629,E1103N3992,2.301176793391744
630,E1103N3993,2.3001955434361614
631,E1103N3997,2.422431938514886
632,E1103N3998,2.426763102908537
633,E1103N3999,2.452971760128721
634,E1103N4000,2.396331545981316
635,E1103N4001,2.3446358239510467
636,E1103N4002,2.2716813921013177
637,E1103N4003,2.2524625760883947
638,E1103N4004,2.25691864980002
639,E1103N4005,2.256045033073519
640,E1103N4006,2.3115508612067
641,E1103N4015,2.26269154199751
642,E1103N4016,2.253480172107712
643,E1103N4017,2.2363193355969377
644,E1103N4018,2.2694331379425297
645,E1103N4019,2.267971047062133
646,E1103N4020,2.268683007048867
647,E1103N4021,2.266081300635128
648,E1103N4022,2.259815957805169
649,E1103N4023,2.22816253896067
650,E1103N4024,2.2485178795362395
651,E1103N4025,2.2146762515899705
652,E1103N4026,2.2552034985239544
653,E1103N4027,2.2380250591784137
654,E1103N4028,2.244040826623521
655,E1103N4029,2.221127158410191
656,E1103N4030,2.151647803716955
657,E1103N4035,2.303508056005355
658,E1103N4036,2.2183735665975024
659,E1103N4037,2.121335005290373
660,E1103N4038,2.0798926377818088
661,E1103N4039,2.1487217585133207
662,E1103N4040,2.2023074903970152
663,E1103N4041,2.230103706652223
664,E1103N4042,2.2470815256649903
665,E1103N4043,2.2796977584526648
666,E1103N4044,2.3431401556667955
667,E1104N3978,2.413788658942296
668,E1104N3979,2.4292943042527804
669,E1104N3980,2.2381383351416018
670,E1104N3981,2.188088876231638
671,E1104N3982,2.084174675519712
672,E1104N3983,2.0252617249201728
673,E1104N3984,2.0222192225068407
674,E1104N3985,1.966887689521801
675,E1104N3986,1.9842224758902
676,E1104N3987,2.020552321328177
677,E1104N3988,2.093834243761244
678,E1104N3989,2.240035907152568
679,E1104N3990,2.3367582970211176
680,E1104N3991,2.3417678676550486
681,E1104N3992,2.3380155983236346
682,E1104N3993,2.328895328219865
683,E1104N3997,2.353301808876807
684,E1104N3998,2.3866089951867133
685,E1104N3999,2.340304743101706
686,E1104N4000,2.3291347667397986
687,E1104N4001,2.3003374901683067
688,E1104N4002,2.27434595899677
689,E1104N4003,2.2398136775082773
690,E1104N4004,2.244596150202743
691,E1104N4005,2.2680052256206715
692,E1104N4006,2.2949590012889254
693,E1104N4014,2.348416012948774
694,E1104N4015,2.337013732201359
695,E1104N4016,2.287441837543585
696,E1104N4017,2.259469711703812
697,E1104N4018,2.271048779718448
698,E1104N4019,2.263186888679335
699,E1104N4020,2.2238535139352384
700,E1104N4021,2.186057787837872
701,E1104N4022,2.152832213304538
702,E1104N4023,2.1681878910144428
703,E1104N4024,2.1592258948996275
704,E1104N4025,2.185825973949549
705,E1104N4026,2.19926641647802
706,E1104N4027,2.214137262401619
707,E1104N4028,2.2182378166592134
708,E1104N4029,2.2228336861827267
709,E1104N4030,2.1711929368418743
710,E1104N4031,2.159253122653796
711,E1104N4035,2.313591966551685
712,E1104N4036,2.297993708062812
713,E1104N4037,2.259078891033755
714,E1104N4038,2.231974138153451
715,E1104N4039,2.223210045222588
716,E1104N4040,2.216653162499984
717,E1104N4041,2.260618464921012
718,E1105N3979,2.4221979990376408
719,E1105N3980,2.309630869782121
720,E1105N3981,2.202769638132646
721,E1105N3982,2.087169198387347
722,E1105N3983,1.9237266716492667
723,E1105N3984,1.902660596416756
724,E1105N3985,1.8972096139801795
725,E1105N3986,1.9380532983774483
726,E1105N3988,2.19235128746548
727,E1105N3989,2.3502857375624044
728,E1105N3990,2.370806331301128
729,E1105N3991,2.40213862003459
730,E1105N3992,2.392979295370843
731,E1105N3993,2.400222829693152
732,E1105N3994,2.350722274643119
733,E1105N3996,2.31372816717908
734,E1105N3997,2.2636526850396206
735,E1105N3998,2.2092127592318387
736,E1105N3999,2.252668541838957
737,E1105N4000,2.318265745806571
738,E1105N4001,2.325762976819832
739,E1105N4002,2.295102940229982
740,E1105N4003,2.248839843354476
741,E1105N4004,2.25906081697587
742,E1105N4005,2.2846763493003808
743,E1105N4006,2.2752756978981683
744,E1105N4014,2.3757390916212
745,E1105N4015,2.360584178281269
746,E1105N4016,2.341262653056351
747,E1105N4017,2.290767289104598
748,E1105N4018,2.2839449372444323
749,E1105N4019,2.240161534503859
750,E1105N4020,2.1870316231453883
751,E1105N4021,2.1360151273474264
752,E1105N4022,2.1354642832074613
753,E1105N4023,2.136663894265503
754,E1105N4024,2.113832307422012
755,E1105N4027,2.211734610889778
756,E1105N4028,2.1952725197787952
757,E1105N4029,2.224134657376687
758,E1105N4030,2.1871948971418176
759,E1105N4031,2.2374940519283766
760,E1105N4032,2.25095350697811
761,E1105N4033,2.3170145831840325
762,E1105N4036,2.3103763093739897
763,E1105N4037,2.293079715385627
764,E1105N4038,2.255181461866969
765,E1105N4039,2.245456903378265
766,E1106N3974,2.365842375559622
767,E1106N3975,2.3682875521411857
768,E1106N3980,2.2653078287400934
769,E1106N3981,2.163087252061909
770,E1106N3982,2.031027005933627
771,E1106N3983,1.9041787141725253
772,E1106N3984,1.8752359338508728
773,E1106N3985,1.8896422869385607
774,E1106N3986,1.922272714029144
775,E1106N3987,2.0200904955867016
776,E1106N3988,2.2035437277156062
777,E1106N3989,2.328981201668312
778,E1106N3990,2.412830483973168
779,E1106N3991,2.438975537396825
780,E1106N3996,2.3185500552820795
781,E1106N3997,2.233481426812104
782,E1106N3998,2.217123466679013
783,E1106N3999,2.165055212678394
784,E1106N4000,2.234614727058807
785,E1106N4001,2.2557280188487296
786,E1106N4002,2.3006902301904657
787,E1106N4003,2.281109293284839
788,E1106N4004,2.2664077087325984
789,E1106N4005,2.254517754580758
790,E1106N4006,2.3112551346662515
791,E1106N4014,2.437142436866535
792,E1106N4015,2.412214083091671
793,E1106N4016,2.349690087868014
794,E1106N4017,2.3137849014369363
795,E1106N4021,2.1459683230577915
796,E1106N4022,2.124815418941842
797,E1106N4023,2.1390194697664167
798,E1106N4024,2.1312066595686656
799,E1106N4025,2.1429801101525694
800,E1106N4026,2.16605690094355
801,E1106N4027,2.2310327720281697
802,E1106N4028,2.2286937039892094
803,E1106N4029,2.2344047157652858
804,E1106N4030,2.176995231152616
805,E1106N4031,2.219477010327604
806,E1106N4032,2.2274180997738307
807,E1106N4033,2.294209442429132
808,E1106N4034,2.3076750094456235
809,E1106N4035,2.3490243790214698
810,E1106N4041,2.282593370544414
811,E1107N3980,2.259046015858837
812,E1107N3981,2.105031780045636
813,E1107N3982,2.035604593118824
814,E1107N3983,1.9175014939385504
815,E1107N3984,1.877222564784997
816,E1107N3985,1.910063939561324
817,E1107N3986,1.93885030934024
818,E1107N3987,2.010499002518039
819,E1107N3988,2.2079294722044094
820,E1107N3989,2.3024663595953907
821,E1107N3990,2.44059993362283
822,E1107N3997,2.2257999697613258
823,E1107N3998,2.1302124621544856
824,E1107N3999,2.162320515233337
825,E1107N4000,2.156152529651833
826,E1107N4002,2.227115010475121
827,E1107N4003,2.2613495726255333
828,E1107N4004,2.255304968574316
829,E1107N4005,2.293812471743894
830,E1107N4023,2.13005709889104
831,E1107N4024,2.1733562653879344
832,E1107N4025,2.1619938950637003
833,E1107N4026,2.196182698112938
834,E1107N4027,2.225996739943068
835,E1107N4028,2.2367344840294856
836,E1107N4029,2.241114927975215
837,E1107N4030,2.225677150298367
838,E1107N4031,2.229336433824442
839,E1107N4032,2.2286772890684503
840,E1107N4033,2.267022537698547
841,E1107N4034,2.2983533224013946
842,E1107N4035,2.379797461086268
843,E1107N4040,2.2712185252162462
844,E1107N4041,2.289576397033482
845,E1107N4042,2.2949503722421083
846,E1108N3981,2.142480983249892
847,E1108N3982,2.066917894391817
848,E1108N3983,1.9681976242349173
849,E1108N3984,1.891683283223452
850,E1108N3985,1.916566278332216
851,E1108N3986,1.9206632589921149
852,E1108N3987,1.9536167950068808
853,E1108N3988,2.036821633706037
854,E1108N3989,2.212950327570544
855,E1108N3990,2.337188743842596
856,E1108N3991,2.3804683071282184
857,E1108N3997,2.247323933298844
858,E1108N3998,2.13889754523295
859,E1108N3999,2.053179158941288
860,E1108N4000,2.035919077295168
861,E1108N4001,2.04781251069421
862,E1108N4002,2.1596288208273617
863,E1108N4004,2.280336800369108
864,E1108N4005,2.302674148230241
865,E1108N4023,2.2319052036626634
866,E1108N4024,2.230060448782126
867,E1108N4025,2.1861326673870467
868,E1108N4026,2.2332992019049547
869,E1108N4027,2.235663587317526
870,E1108N4028,2.2557031662930527
871,E1108N4029,2.257084321316707
872,E1108N4030,2.238593280169288
873,E1108N4031,2.2359195682322173
874,E1108N4032,2.2585144257446674
875,E1108N4033,2.256875067968278
876,E1108N4034,2.303276381782787
877,E1108N4035,2.3492957224673376
878,E1108N4039,2.298112816072284
879,E1108N4040,2.2768398125156484
880,E1108N4041,2.2732357082773125
881,E1108N4042,2.291386137093195
882,E1108N4043,2.349899392460688
883,E1109N3981,2.154072070569455
884,E1109N3982,2.096734064466834
885,E1109N3983,1.996847069843968
886,E1109N3984,1.8985068960068407
887,E1109N3985,1.913374458403728
888,E1109N3986,1.929604272591544
889,E1109N3987,1.937384534119587
890,E1109N3988,2.017465270643012
891,E1109N3989,2.201394554231483
892,E1109N3990,2.243767502052646
893,E1109N3991,2.350746415106563
894,E1109N3997,2.1595948401689693
895,E1109N3998,2.0802998525358984
896,E1109N3999,2.003248796144008
897,E1109N4000,1.9835139312167984
898,E1109N4001,1.97197524997375
899,E1109N4002,2.049618012624588
900,E1109N4003,2.093171342023481
901,E1109N4004,2.13953056920889
902,E1109N4024,2.296683787851855
903,E1109N4025,2.292055207711735
904,E1109N4026,2.2807042958327024
905,E1109N4027,2.257464920470303
906,E1109N4028,2.2597774595076183
907,E1109N4029,2.254587278046378
908,E1109N4030,2.2690634682730293
909,E1109N4031,2.271758587818559
910,E1109N4032,2.275583168668632
911,E1109N4033,2.3073388829001407
912,E1109N4039,2.315117619891109
913,E1109N4040,2.2978539426711104
914,E1109N4041,2.292471374429122
915,E1109N4042,2.320460774697397
916,E1110N3982,2.164604676079529
917,E1110N3983,2.051818590401135
918,E1110N3984,1.93514970803826
919,E1110N3985,1.9126124808911995
920,E1110N3986,1.927031837856389
921,E1110N3987,1.94444950279316
922,E1110N3988,1.985733731187881
923,E1110N3989,2.149726608106458
924,E1110N3990,2.213636490734221
925,E1110N3991,2.251551696521745
926,E1110N3997,2.1184137516431747
927,E1110N3998,2.054107524604506
928,E1110N3999,1.959191004263945
929,E1110N4000,1.9511091577025592
930,E1110N4001,1.91926154122484
931,E1110N4002,1.917688041902588
932,E1110N4003,1.9955670309698308
933,E1110N4004,2.038050848517056
934,E1110N4026,2.3025054171827763
935,E1110N4039,2.371919766741327
936,E1110N4040,2.362924554202817
937,E1110N4041,2.352671196779987
938,E1111N3982,2.2195829120365422
939,E1111N3983,2.070613877562729
940,E1111N3984,2.0111120898631327
941,E1111N3985,1.93573739332702
942,E1111N3986,1.905424976225437
943,E1111N3987,1.950504668542281
944,E1111N3988,2.037719027385952
945,E1111N3989,2.0651963197291483
946,E1111N3990,2.104278950875921
947,E1111N3991,2.123201799346598
948,E1111N3992,2.1313488976708737
949,E1111N3997,2.1325920117165857
950,E1111N3998,2.0375483878610527
951,E1111N3999,1.967084393092254
952,E1111N4000,1.9045953148534127
953,E1111N4001,1.8862520312892967
954,E1111N4002,1.8302505022980309
955,E1111N4003,1.886807488757556
956,E1111N4004,1.9556246214641777
957,E1111N4039,2.424096396346018
958,E1111N4040,2.408621175030141
959,E1111N4041,2.424617879180655
960,E1111N4042,2.436410151891126
961,E1112N3983,2.26076701707277
962,E1112N3984,2.080843438871019
963,E1112N3985,2.0264541868535297
964,E1112N3986,1.9577335236993865
965,E1112N3987,2.0482414943183542
966,E1112N3988,2.02535789823403
967,E1112N3989,2.030814301261349
968,E1112N3990,2.0223307752212865
969,E1112N3991,2.011507836658415
970,E1112N3992,2.003296307405781
971,E1112N3993,2.048491213468575
972,E1112N3994,2.041908023625399
973,E1112N3998,2.0220919507276904
974,E1112N3999,1.9361840230699392
975,E1112N4000,1.8259282864589967
976,E1112N4001,1.786952638221212
977,E1112N4002,1.770328778686488
978,E1112N4003,1.847664955638522
979,E1112N4004,1.9113230768700225
980,E1112N4040,2.455337526671892
981,E1112N4041,2.4595312192900938
982,E1112N4042,2.460567815880796
983,E1113N3972,2.580265361670476
984,E1113N3984,2.147159068173261
985,E1113N3985,2.094143222044155
986,E1113N3986,2.14974286899033
987,E1113N3987,2.17635208562842
988,E1113N3988,2.0393635369218965
989,E1113N3989,2.0359660020467936
990,E1113N3990,1.988018239140136
991,E1113N3991,1.960635564639452
992,E1113N3992,1.9666159841620887
993,E1113N3993,1.9546839059359424
994,E1113N3994,1.9601252003254
995,E1113N3997,2.0635578530088403
996,E1113N3998,1.9647932902301888
997,E1113N3999,1.8631318444453109
998,E1113N4000,1.768024857247162
999,E1113N4001,1.7742402333317386
1000,E1113N4002,1.7335592659888956
1001,E1113N4003,1.8287743201757056
1002,E1113N4004,1.9271803763167308
1003,E1113N4040,2.4675625504024032
1004,E1113N4041,2.471512298388441
1005,E1113N4042,2.5011862019448867
1006,E1114N3978,2.474390781775015
1007,E1114N3986,2.285446348454645
1008,E1114N3987,2.2746267433793848
1009,E1114N3988,2.186723483326225
1010,E1114N3989,2.12962962877013
1011,E1114N3990,2.0222178860577165
1012,E1114N3991,1.9149278016023368
1013,E1114N3992,1.9064951247920496
1014,E1114N3993,1.891409581960961
1015,E1114N3994,1.8588356861849813
1016,E1114N3995,1.826210983702587
1017,E1114N3996,1.8594707290561208
1018,E1114N3997,1.924896293710022
1019,E1114N3998,1.893908696807612
1020,E1114N3999,1.7884810940597382
1021,E1114N4000,1.7612693804821489
1022,E1114N4001,1.737287561712089
1023,E1114N4002,1.7103669179819831
1024,E1114N4003,1.820881709265797
1025,E1114N4041,2.495093310975462
1026,E1114N4042,2.521273269012652
1027,E1114N4043,2.5365214544808814
1028,E1115N3988,2.2756579983284166
1029,E1115N3989,2.159825576661894
1030,E1115N3990,2.0579038150813487
1031,E1115N3991,1.942394714442317
1032,E1115N3992,1.9141738775067705
1033,E1115N3993,1.898875580751353
1034,E1115N3994,1.812811244026605
1035,E1115N3995,1.7882312278294492
1036,E1115N3996,1.803198858211936
1037,E1115N3997,1.805754333848932
1038,E1115N3998,1.8556722114923685
1039,E1115N3999,1.7738904317608877
1040,E1115N4000,1.7453735402700303
1041,E1115N4001,1.7173254439686798
1042,E1115N4002,1.7523960319081149
1043,E1115N4003,1.7840907291213557
1044,E1115N4004,2.012114804325634
1045,E1115N4041,2.5367893447532905
1046,E1115N4043,2.533244081515936
1047,E1116N3975,2.765475351606938
1048,E1116N3976,2.7500720633104763
1049,E1116N3977,2.7103588182974008
1050,E1116N3978,2.523785281430244
1051,E1116N3981,2.587555151326228
1052,E1116N3982,2.570940276134408
1053,E1116N3990,2.189699695815783
1054,E1116N3991,2.130421919947869
1055,E1116N3992,2.089029222546172
1056,E1116N3993,2.0226666414412184
1057,E1116N3994,1.898920045899364
1058,E1116N3995,1.813809901359679
1059,E1116N3996,1.8276034870086968
1060,E1116N3997,1.7980081937660422
1061,E1116N3998,1.7841502695611449
1062,E1116N3999,1.7816855885242835
1063,E1116N4000,1.783958315389333
1064,E1116N4001,1.7867994539778569
1065,E1116N4002,1.80777592504638
1066,E1117N3974,2.691345078874765
1067,E1117N3975,2.7156949940224377
1068,E1117N3976,2.6915630496410707
1069,E1117N3977,2.650541779897212
1070,E1117N3979,2.5498084524157294
1071,E1117N3980,2.5480589222140546
1072,E1117N3987,2.257554814984806
1073,E1117N3988,2.277904922154645
1074,E1117N3991,2.318834855116408
1075,E1117N3992,2.3008417335393
1076,E1117N3993,2.2375476755142065
1077,E1117N3994,2.0625583674936947
1078,E1117N3995,1.9526956877909776
1079,E1117N3996,1.8751590752400824
1080,E1117N3998,1.811788375634398
1081,E1117N3999,1.8278099284933644
1082,E1117N4000,1.8542026008093333
1083,E1117N4001,1.894439261316801
1084,E1117N4003,1.9397273022164248
1085,E1118N3976,2.634413395747335
1086,E1118N3977,2.546913419234697
1087,E1118N3978,2.518758435312422
1088,E1118N3979,2.526413427913024
1089,E1118N3980,2.5258622936431983
1090,E1118N3981,2.558861446743666
1091,E1118N3983,2.459649313663556
1092,E1118N3984,2.3285431671751105
1093,E1118N3985,2.2666392858984694
1094,E1118N3986,2.218834966433637
1095,E1118N3987,2.2202973308908738
1096,E1118N3988,2.290677379729076
1097,E1118N3989,2.329166207468987
1098,E1118N3990,2.3984170012198582
1099,E1118N3991,2.4738660149091705
1100,E1118N3992,2.5276130905480345
1101,E1118N3993,2.396762266313248
1102,E1118N3994,2.271132674079535
1103,E1118N3995,2.048882820873658
1104,E1118N3996,1.951744346763821
1105,E1118N3997,1.9780191172791064
1106,E1118N3998,1.9423983620686376
1107,E1118N3999,1.9567391352243604
1108,E1118N4000,1.945793757610797
1109,E1118N4001,1.875598224845617
1110,E1118N4002,1.8348768428562456
1111,E1119N3975,2.625376567797369
1112,E1119N3976,2.6161711388007696
1113,E1119N3977,2.517379663816096
1114,E1119N3978,2.524145866016621
1115,E1119N3979,2.5243425385241585
1116,E1119N3980,2.518833953778423
1117,E1119N3981,2.529764784353158
1118,E1119N3983,2.3553034373636232
1119,E1119N3984,2.313325266410077
1120,E1119N3985,2.262013057019385
1121,E1119N3986,2.21047842700888
1122,E1119N3987,2.22360702494446
1123,E1119N3988,2.3074634468189146
1124,E1119N3989,2.380438092679867
1125,E1119N3990,2.463106999404039
1126,E1119N3992,2.5458529287807754
1127,E1119N3993,2.53402951583924
1128,E1119N3994,2.471735179695929
1129,E1119N3997,1.9925027261341424
1130,E1119N3998,1.9791213023012977
1131,E1119N3999,1.9608259923895963
1132,E1119N4000,1.9480018992885613
1133,E1119N4001,1.7961260673760735
1134,E1119N4002,1.7196582184071545
1135,E1119N4003,1.7328468032057762
1136,E1120N3976,2.6499593283030927
1137,E1120N3977,2.573335794574229
1138,E1120N3978,2.536112404229768
1139,E1120N3979,2.52355396043515
1140,E1120N3980,2.528815203964613
1141,E1120N3983,2.3502824848516264
1142,E1120N3984,2.2930495294675906
1143,E1120N3985,2.2492743768983985
1144,E1120N3986,2.241433613766031
1145,E1120N3987,2.2401960032609955
1146,E1120N3988,2.3106379712006624
1147,E1120N3989,2.395600624633388
1148,E1120N3990,2.499832260281254
1149,E1120N3992,2.52129595036091
1150,E1120N3993,2.5308275971676912
1151,E1120N3994,2.5468222309847657
1152,E1120N3995,2.5511775469239018
1153,E1120N3997,1.9278190216915712
1154,E1120N3998,1.9117045758002529
1155,E1120N3999,1.91831846944571
1156,E1120N4000,1.889032930365104
1157,E1120N4001,1.781941014186068
1158,E1120N4002,1.708852778138318
1159,E1120N4003,1.6804263365841718
1160,E1121N3978,2.545704779168134
1161,E1121N3979,2.5156840052690628
1162,E1121N3980,2.509579791649235
1163,E1121N3981,2.481187968550009
1164,E1121N3982,2.4092034799027315
1165,E1121N3983,2.342189094451842
1166,E1121N3984,2.2974724453000706
1167,E1121N3985,2.256968617893732
1168,E1121N3986,2.243397368325535
1169,E1121N3987,2.2521660857105914
1170,E1121N3988,2.3295145133768367
1171,E1121N3989,2.405625030632137
1172,E1121N3990,2.48601560787442
1173,E1121N3992,2.5239448928083617
1174,E1121N3993,2.5203206439022856
1175,E1121N3994,2.509351215901372
1176,E1121N3995,2.454444098895142
1177,E1121N3997,1.9177112144352284
1178,E1121N3998,1.8868872380653248
1179,E1121N3999,1.8937930867241315
1180,E1121N4000,1.87994526541403
1181,E1121N4001,1.803513867014611
1182,E1121N4002,1.71259552281825
1183,E1121N4003,1.710170036108977
1184,E1121N4004,1.7552201315537352
1185,E1121N4012,2.127955827292242
1186,E1122N3977,2.669245715837518
1187,E1122N3978,2.569578754638416
1188,E1122N3980,2.5246783284688625
1189,E1122N3981,2.439593188391623
1190,E1122N3982,2.3625507968500283
1191,E1122N3983,2.367069130101752
1192,E1122N3984,2.2890618023068208
1193,E1122N3985,2.2688902432773217
1194,E1122N3986,2.2636589649228744
1195,E1122N3987,2.2686277568329976
1196,E1122N3988,2.3292324845351366
1197,E1122N3989,2.374223110083726
1198,E1122N3990,2.4283461625811524
1199,E1122N3991,2.442565489248549
1200,E1122N3992,2.470337044689146
1201,E1122N3993,2.416552570345964
1202,E1122N3994,2.404733202364726
1203,E1122N3995,2.202841502710066
1204,E1122N3996,1.999292767547512
1205,E1122N3997,1.9367592523568788
1206,E1122N3998,1.913374832855172
1207,E1122N3999,1.901402268269602
1208,E1122N4000,1.91344630235201
1209,E1122N4001,1.845095509538874
1210,E1122N4002,1.7843199526034133
1211,E1122N4003,1.7508379603361304
1212,E1122N4004,1.8568650895104897
1213,E1122N4005,2.033194413248764
1214,E1122N4010,2.250352562070088
1215,E1122N4011,2.2290536825251763
1216,E1122N4012,2.209012265427141
1217,E1122N4014,2.101534009853026
1218,E1122N4015,1.9816752210782205
1219,E1123N3977,2.628075694312244
1220,E1123N3978,2.5617267962004355
1221,E1123N3979,2.5152779309674425
1222,E1123N3980,2.452314861417477
1223,E1123N3981,2.414032616793289
1224,E1123N3982,2.364061115239936
1225,E1123N3983,2.3538969373205454
1226,E1123N3984,2.3185841389159783
1227,E1123N3985,2.293405048312916
1228,E1123N3986,2.2953929278923253
1229,E1123N3987,2.3179052354511014
1230,E1123N3988,2.3401784355179736
1231,E1123N3989,2.3786496187348765
1232,E1123N3990,2.397973525706085
1233,E1123N3991,2.371898665614731
1234,E1123N3992,2.379664471938169
1235,E1123N3993,2.2612943825956124
1236,E1123N3994,2.1822193852098795
1237,E1123N3997,1.9891437894727395
1238,E1123N3998,1.9733884597543687
1239,E1123N3999,1.9607487041047984
1240,E1123N4000,2.016045187382748
1241,E1123N4001,1.9874643582469915
1242,E1123N4002,1.887077274467364
1243,E1123N4003,1.8937836537839607
1244,E1123N4004,1.961242410856354
1245,E1123N4010,2.264728667165937
1246,E1123N4011,2.238900898492584
1247,E1123N4012,2.201263667475984
1248,E1123N4013,2.223879085426436
1249,E1123N4015,2.0211978769106405
1250,E1124N3976,2.5944415747030503
1251,E1124N3977,2.569705127624782
1252,E1124N3978,2.511826130396356
1253,E1124N3979,2.4480288666526087
1254,E1124N3980,2.40930610367938
1255,E1124N3981,2.399737591176633
1256,E1124N3982,2.339901911815945
1257,E1124N3983,2.357927759269933
1258,E1124N3984,2.3509526090060384
1259,E1124N3985,2.384096377648225
1260,E1124N3987,2.3816800654263472
1261,E1124N3989,2.421155896708979
1262,E1124N3991,2.338081714718779
1263,E1124N3992,2.26621857695148
1264,E1124N3993,2.209414870513048
1265,E1124N3994,2.2142790058708663
1266,E1124N3995,2.083534294963808
1267,E1124N3996,2.0731629011320223
1268,E1124N3997,2.0512682674379543
1269,E1124N3998,2.0801733513913825
1270,E1124N3999,2.103183882187822
1271,E1124N4000,2.140031626432443
1272,E1124N4001,2.066629767222627
1273,E1124N4002,2.064347697295821
1274,E1124N4006,1.9670706404985927
1275,E1124N4007,1.9858952122010831
1276,E1124N4010,2.2487991595382035
1277,E1124N4011,2.187107714093528
1278,E1124N4012,2.1715206139603804
1279,E1124N4013,2.1176986768895123
1280,E1124N4014,2.116471340385339
1281,E1125N3976,2.52499225084867
1282,E1125N3977,2.4615269685231413
1283,E1125N3978,2.442738973650352
1284,E1125N3979,2.4016389646840133
1285,E1125N3980,2.393207954658858
1286,E1125N3981,2.3941964371166966
1287,E1125N3982,2.3783935090234043
1288,E1125N3983,2.394744497187843
1289,E1125N3984,2.4014388163092337
1290,E1125N3985,2.4213901032744287
1291,E1125N3988,2.4447807212401087
1292,E1125N3989,2.48760503234667
1293,E1125N3990,2.420402486302666
1294,E1125N3991,2.3506910808033865
1295,E1125N3992,2.266356032665669
1296,E1125N3993,2.1868325048579327
1297,E1125N3994,2.157688259814668
1298,E1125N3995,2.0830172781045144
1299,E1125N3996,2.0820573069848174
1300,E1125N3997,2.1353684982330585
1301,E1125N3998,2.222247665469149
1302,E1125N3999,2.202329477977095
1303,E1125N4000,2.2224407247086657
1304,E1125N4001,2.2247918429642604
1305,E1125N4002,2.1650927983633577
1306,E1125N4003,2.078944190736767
1307,E1125N4006,1.9695692887820169
1308,E1125N4007,1.9969422666105108
1309,E1125N4010,2.2734139187210705
1310,E1125N4011,2.1936536591775977
1311,E1125N4012,2.114481122739728
1312,E1125N4013,2.084284931449924
1313,E1125N4014,2.0583296145698817
1314,E1125N4015,2.0241249342790564
1315,E1126N3977,2.414825226314892
1316,E1126N3978,2.40428524978886
1317,E1126N3979,2.4521819358684387
1318,E1126N3980,2.416143846266019
1319,E1126N3981,2.4093000566874148
1320,E1126N3982,2.413936640268612
1321,E1126N3983,2.441663873173949
1322,E1126N3984,2.4735143384007965
1323,E1126N3985,2.489858117717137
1324,E1126N3986,2.502171627150072
1325,E1126N3987,2.5139453643584666
1326,E1126N3988,2.4698799632322244
1327,E1126N3989,2.471851195723172
1328,E1126N3990,2.448793087075693
1329,E1126N3991,2.365217610323156
1330,E1126N3992,2.309463515768528
1331,E1126N3993,2.202507099816619
1332,E1126N3994,2.155111362151919
1333,E1126N3995,2.145530122293208
1334,E1126N3996,2.080133895776368
1335,E1126N3997,2.190126909843728
1336,E1126N3998,2.2232380501412465
1337,E1126N3999,2.2449831111687018
1338,E1126N4000,2.229641268682779
1339,E1126N4001,2.2398616372606543
1340,E1126N4002,2.2487375682320985
1341,E1126N4003,2.26114526611968
1342,E1126N4006,1.9828992267035777
1343,E1126N4007,1.99554944390018
1344,E1126N4010,2.282633783661671
1345,E1126N4011,2.242226057329382
1346,E1126N4012,2.2140316129168345
1347,E1126N4013,2.101012276730533
1348,E1126N4014,2.068558496901365
1349,E1126N4015,2.040500859344144
1350,E1126N4020,2.1721684624891107
1351,E1126N4021,2.1643643846952147
1352,E1126N4022,2.043993985794924
1353,E1126N4027,1.808798062636637
1354,E1126N4028,1.805193013916433
1355,E1126N4029,1.8436622085762469
1356,E1127N3977,2.5689017512286525
1357,E1127N3978,2.567270999949657
1358,E1127N3979,2.538767640093738
1359,E1127N3980,2.539598473091222
1360,E1127N3981,2.5322014802114428
1361,E1127N3982,2.53032214188424
1362,E1127N3983,2.4898037539277493
1363,E1127N3984,2.4829848548409816
1364,E1127N3985,2.459495960351231
1365,E1127N3986,2.485346409349377
1366,E1127N3987,2.4636397904034504
1367,E1127N3988,2.486849195229593
1368,E1127N3989,2.468607193382911
1369,E1127N3990,2.4775700492040764
1370,E1127N3991,2.4567061634648657
1371,E1127N3992,2.444097760418668
1372,E1127N3993,2.2878695507029985
1373,E1127N3994,2.204676093778257
1374,E1127N3995,2.2070945188861493
1375,E1127N3996,2.226460041877071
1376,E1127N3997,2.212575569788053
1377,E1127N3998,2.2210508468769565
1378,E1127N3999,2.232203191419932
1379,E1127N4000,2.2324673028862563
1380,E1127N4001,2.246332408821028
1381,E1127N4002,2.2263688160862114
1382,E1127N4006,2.048922048809831
1383,E1127N4007,2.008126498732272
1384,E1127N4010,2.281803317112709
1385,E1127N4011,2.258202270395091
1386,E1127N4012,2.2429807716322863
1387,E1127N4013,2.215108216964501
1388,E1127N4014,2.08853337385149
1389,E1127N4015,2.123432135817137
1390,E1127N4021,1.9076407100016728
1391,E1127N4023,1.830325752907216
1392,E1127N4027,1.7850594964234272
1393,E1127N4028,1.797950451785156
1394,E1127N4029,1.825019493465703
1395,E1127N4030,1.844462103145487
1396,E1127N4031,1.910312695468288
1397,E1127N4032,1.895652083899168
1398,E1128N3961,2.208942362484817
1399,E1128N3977,2.5527741772637143
1400,E1128N3978,2.560354447011123
1401,E1128N3979,2.575622693255486
1402,E1128N3980,2.603437662448312
1403,E1128N3981,2.609028802403509
1404,E1128N3982,2.588600933805238
1405,E1128N3983,2.383540645159038
1406,E1128N3984,2.382248616732805
1407,E1128N3985,2.398415157178999
1408,E1128N3986,2.4116069713882604
1409,E1128N3987,2.4495058048794465
1410,E1128N3988,2.4671073910789296
1411,E1128N3989,2.470838924629543
1412,E1128N3990,2.461036297475758
1413,E1128N3991,2.5416085974337475
1414,E1128N3992,2.546971877771526
1415,E1128N3993,2.4145355409377247
1416,E1128N3994,2.325356236053425
1417,E1128N3995,2.3334241956313053
1418,E1128N3996,2.27107981900932
1419,E1128N3997,2.225737802019144
1420,E1128N3998,2.264730073629263
1421,E1128N3999,2.2281166909820027
1422,E1128N4000,2.247249720176443
1423,E1128N4001,2.2340404577071027
1424,E1128N4002,2.25307611366542
1425,E1128N4003,2.262195677569625
1426,E1128N4006,2.094649806291944
1427,E1128N4007,2.041692663999315
1428,E1128N4008,2.0973084208537984
1429,E1128N4010,2.280626653283367
1430,E1128N4011,2.281175189900329
1431,E1128N4012,2.262240584296442
1432,E1128N4013,2.2324211574163084
1433,E1128N4014,2.188616414279561
1434,E1128N4015,2.2488870149472047
1435,E1128N4020,1.7808607959576994
1436,E1128N4022,1.7998076688329867
1437,E1128N4023,1.7973496512407716
1438,E1128N4024,1.8241024870205944
1439,E1128N4027,1.7977420840647922
1440,E1128N4028,1.7781173178489686
1441,E1128N4029,1.8220322533072448
1442,E1128N4030,1.8376311990552807
1443,E1128N4031,1.8599332243479327
1444,E1128N4032,1.9316816506923336
1445,E1129N3977,2.588028070423869
1446,E1129N3978,2.57051303413728
1447,E1129N3979,2.5926597353599385
1448,E1129N3980,2.5950610145117743
1449,E1129N3981,2.580864931415469
1450,E1129N3982,2.5105132794377343
1451,E1129N3983,2.398045342204232
1452,E1129N3984,2.3615500000660923
1453,E1129N3985,2.338945845735104
1454,E1129N3986,2.3228220831594086
1455,E1129N3987,2.446669667408916
1456,E1129N3988,2.446547431214982
1457,E1129N3989,2.4638947035366607
1458,E1129N3990,2.500770537307221
1459,E1129N3991,2.5568653525913287
1460,E1129N3992,2.564235634669421
1461,E1129N3993,2.5694212260583087
1462,E1129N3994,2.460725567383299
1463,E1129N3995,2.4237664946685804
1464,E1129N3996,2.424458653116833
1465,E1129N3997,2.395865499120604
1466,E1129N3998,2.347686610664568
1467,E1129N3999,2.251523079621382
1468,E1129N4000,2.1891135299474755
1469,E1129N4001,2.130859137996206
1470,E1129N4002,2.140877882033775
1471,E1129N4003,2.14507723549195
1472,E1129N4006,2.1409957908777084
1473,E1129N4007,2.141932664179945
1474,E1129N4008,2.1487541451266066
1475,E1129N4010,2.2925051847103424
1476,E1129N4011,2.265576084257054
1477,E1129N4012,2.246977746001132
1478,E1129N4014,2.2105138191162657
1479,E1129N4018,1.7790689534268331
1480,E1129N4019,1.7549328290465032
1481,E1129N4020,1.7447902021665018
1482,E1129N4021,1.760142059873911
1483,E1129N4022,1.7502654800186632
1484,E1129N4023,1.7468014836234544
1485,E1129N4024,1.778015161930725
1486,E1129N4026,1.7634516941441318
1487,E1129N4027,1.7664817214172757
1488,E1129N4028,1.7746051975921735
1489,E1129N4029,1.8031269609786549
1490,E1129N4030,1.8104606433772887
1491,E1129N4031,1.853828394992216
1492,E1129N4032,1.908889441946606
1493,E1130N3976,2.5771959328167693
1494,E1130N3979,2.5959200099276067
1495,E1130N3980,2.581425250217156
1496,E1130N3981,2.56718053590224
1497,E1130N3982,2.4434820192671123
1498,E1130N3983,2.394380261096916
1499,E1130N3984,2.380180639732302
1500,E1130N3985,2.3784468810366928
1501,E1130N3986,2.4218894856554245
1502,E1130N3987,2.48646005859338
1503,E1130N3988,2.498100715547474
1504,E1130N3989,2.4990501588872664
1505,E1130N3990,2.498269347358877
1506,E1130N3991,2.53591049892333
1507,E1130N3992,2.581811445181394
1508,E1130N3993,2.6041870531596234
1509,E1130N3994,2.6265129569951915
1510,E1130N3995,2.4603727300072955
1511,E1130N3996,2.4760079461523667
1512,E1130N3997,2.483616170490424
1513,E1130N3998,2.422336365869376
1514,E1130N4001,2.1165541211538272
1515,E1130N4002,2.1134406496350784
1516,E1130N4003,2.121696370848384
1517,E1130N4004,2.1412407016780235
1518,E1130N4005,2.151181037558725
1519,E1130N4006,2.172727392655502
1520,E1130N4007,2.1937178411018907
1521,E1130N4008,2.193366016226579
1522,E1130N4010,2.2791268113299563
1523,E1130N4011,2.2377761766287243
1524,E1130N4012,2.219600337126553
1525,E1130N4013,2.20543717376952
1526,E1130N4014,2.200648240515911
1527,E1130N4017,1.8181177919471807
1528,E1130N4018,1.784718579154375
1529,E1130N4019,1.759762351250484
1530,E1130N4020,1.748632217828193
1531,E1130N4021,1.7859356694401112
1532,E1130N4022,1.7520014526205556
1533,E1130N4023,1.740418388925742
1534,E1130N4024,1.733875723644998
1535,E1130N4025,1.7444585300840083
1536,E1130N4026,1.7567345384319242
1537,E1130N4027,1.7708431170170251
1538,E1130N4028,1.7751027790129497
1539,E1130N4029,1.7931254834136614
1540,E1130N4030,1.821146112152921
1541,E1130N4031,1.7971887657442855
1542,E1131N3976,2.586956135102551
1543,E1131N3977,2.5937607509347886
1544,E1131N3978,2.59565989485692
1545,E1131N3979,2.5874748253649145
1546,E1131N3980,2.561856899638873
1547,E1131N3981,2.503157209198202
1548,E1131N3982,2.45879090581431
1549,E1131N3983,2.4047618857781514
1550,E1131N3984,2.39523227513598
1551,E1131N3985,2.4544471339526384
1552,E1131N3986,2.514864430998243
1553,E1131N3987,2.536971804033451
1554,E1131N3988,2.552374623674861
1555,E1131N3989,2.531528981239579
1556,E1131N3990,2.541547415331871
1557,E1131N3991,2.5348658479333306
1558,E1131N3992,2.567614451708564
1559,E1131N3996,2.5560537612094656
1560,E1131N3997,2.559995868436013
1561,E1131N3998,2.5026416290015283
1562,E1131N4000,2.1808917068934486
1563,E1131N4001,2.109866519287272
1564,E1131N4002,2.1105948823677805
1565,E1131N4003,2.112815571704907
1566,E1131N4004,2.1330534563597885
1567,E1131N4005,2.169150250866597
1568,E1131N4006,2.201076517974147
1569,E1131N4007,2.220922799430048
1570,E1131N4008,2.205504934601449
1571,E1131N4012,2.140968208479188
1572,E1131N4018,1.799745814342026
1573,E1131N4019,1.7755661825387845
1574,E1131N4020,1.7959716170383342
1575,E1131N4021,1.8160811585705148
1576,E1131N4022,1.7940876141794029
1577,E1131N4023,1.7834246112061354
1578,E1131N4024,1.7438289253894057
1579,E1131N4025,1.7372897575042576
1580,E1131N4026,1.784178532639369
1581,E1131N4027,1.7972158177528024
1582,E1131N4028,1.838784866939924
1583,E1131N4029,1.8448151718036283
1584,E1131N4030,1.87574554668559
1585,E1131N4031,1.892045934351591
1586,E1132N3976,2.5800600511653915
1587,E1132N3977,2.525830506731047
1588,E1132N3978,2.491921904456779
1589,E1132N3979,2.497619161444767
1590,E1132N3980,2.511262782272387
1591,E1132N3981,2.489796766201133
1592,E1132N3982,2.488048508022421
1593,E1132N3983,2.4721752975286
1594,E1132N3984,2.477189484097544
1595,E1132N3985,2.5035888897071863
1596,E1132N3986,2.5675479924836915
1597,E1132N3987,2.588404840688768
1598,E1132N3988,2.5835282169898024
1599,E1132N3989,2.540262615779881
1600,E1132N3990,2.5200040471585643
1601,E1132N3991,2.513223708515272
1602,E1132N3992,2.5550958952724865
1603,E1132N3993,2.5867773794029425
1604,E1132N3994,2.612559580645327
1605,E1132N3995,2.634698800265836
1606,E1132N3996,2.6380646119699884
1607,E1132N3997,2.6925069031523603
1608,E1132N3998,2.549903380632268
1609,E1132N4002,2.0991034155307533
1610,E1132N4003,2.0297864524510567
1611,E1132N4004,2.103866525232852
1612,E1132N4005,2.2145063412830783
1613,E1132N4006,2.2642112365702167
1614,E1132N4007,2.303574547653512
1615,E1132N4008,2.326461121084446
1616,E1132N4010,1.955986735922581
1617,E1132N4014,2.0982924818908275
1618,E1132N4018,1.8085981609449888
1619,E1132N4019,1.7847820702516215
1620,E1132N4020,1.815194863019556
1621,E1132N4021,1.8449211425542549
1622,E1132N4022,1.777061181616369
1623,E1132N4023,1.8287056845132923
1624,E1132N4024,1.8250069381633465
1625,E1132N4025,1.8315539205539508
1626,E1132N4026,1.828610175201321
1627,E1132N4027,1.8518724483242093
1628,E1132N4029,1.8715311386237103
1629,E1132N4030,1.9179132522693565
1630,E1132N4031,1.89649532177166
1631,E1133N3975,2.6560155678639457
1632,E1133N3976,2.5597684978395563
1633,E1133N3977,2.4507894223312507
1634,E1133N3978,2.409704380063854
1635,E1133N3979,2.4505803579707512
1636,E1133N3980,2.485078467789227
1637,E1133N3981,2.461936388950211
1638,E1133N3982,2.4845371614486504
1639,E1133N3983,2.472905178248157
1640,E1133N3984,2.495318307666764
1641,E1133N3985,2.526348801354905
1642,E1133N3986,2.629357919175155
1643,E1133N3987,2.628778329485567
1644,E1133N3988,2.611545951605894
1645,E1133N3989,2.564055506114372
1646,E1133N3990,2.515528073520217
1647,E1133N3991,2.524257034235708
1648,E1133N3992,2.531705317811946
1649,E1133N3993,2.539365901229065
1650,E1133N3994,2.578569103482013
1651,E1133N3995,2.600308686314638
1652,E1133N3997,2.6788268296526083
1653,E1133N3998,2.702220088515358
1654,E1133N4004,2.2780585887413327
1655,E1133N4005,2.2857058351167834
1656,E1133N4006,2.3370100884265232
1657,E1133N4007,2.3279374813420706
1658,E1133N4010,1.9850080297060249
1659,E1133N4011,1.895221863731481
1660,E1133N4012,1.8438825452873764
1661,E1133N4013,1.9020395827480807
1662,E1133N4014,1.9977566606405817
1663,E1133N4017,1.8334730275639708
1664,E1133N4018,1.842374584694605
1665,E1133N4019,1.8258297612685648
1666,E1133N4020,1.8641212295609684
1667,E1133N4021,1.8634915409272816
1668,E1133N4022,1.830235010641168
1669,E1133N4023,1.821374021541535
1670,E1133N4024,1.819594621329876
1671,E1133N4025,1.84963836684392
1672,E1133N4026,1.9022004305640587
1673,E1133N4027,1.9307185653677723
1674,E1133N4028,1.9507721650827183
1675,E1133N4029,2.0386981449497656
1676,E1133N4030,2.077848259269269
1677,E1134N3974,2.685770507391267
1678,E1134N3975,2.64164653927554
1679,E1134N3976,2.513046879025862
1680,E1134N3977,2.409512495768153
1681,E1134N3978,2.3518294731808407
1682,E1134N3979,2.35213983786232
1683,E1134N3980,2.442076983663276
1684,E1134N3981,2.4624804577488044
1685,E1134N3982,2.4005525222838564
1686,E1134N3983,2.3999566885508923
1687,E1134N3984,2.418403362965573
1688,E1134N3985,2.485890525393139
1689,E1134N3986,2.542354395545701
1690,E1134N3987,2.619173704834899
1691,E1134N3988,2.615474081900496
1692,E1134N3989,2.5875118969468742
1693,E1134N3990,2.52760513002806
1694,E1134N3991,2.505624490586856
1695,E1134N3992,2.51963604624327
1696,E1134N3993,2.5335011540124817
1697,E1134N3994,2.5680689056660104
1698,E1134N3995,2.585811872831852
1699,E1134N3998,2.622323041489663
1700,E1134N4002,2.429822835857474
1701,E1134N4004,2.3110841187210065
1702,E1134N4005,2.325074234470045
1703,E1134N4006,2.2869230103439016
1704,E1134N4007,2.3051154779532648
1705,E1134N4008,2.2831412741415047
1706,E1134N4010,2.0314241793135954
1707,E1134N4011,1.8487059623105564
1708,E1134N4012,1.849529173020502
1709,E1134N4013,1.8558093084289475
1710,E1134N4014,2.0319960333300267
1711,E1134N4016,1.93347778347551
1712,E1134N4017,1.844348293259796
1713,E1134N4018,1.8594685165366984
1714,E1134N4019,1.8670734277831105
1715,E1134N4020,1.8899322524697808
1716,E1134N4021,1.8862807725567363
1717,E1134N4022,1.8541871866646884
1718,E1134N4023,1.8234726250186768
1719,E1134N4024,1.8659673818805635
1720,E1134N4025,1.9048763255725536
1721,E1134N4026,1.9211480538469003
1722,E1134N4027,1.972270948137791
1723,E1134N4028,2.015303683023983
1724,E1134N4029,2.1568693988355943
1725,E1134N4030,2.21177177601081
1726,E1135N3967,2.525457942263553
1727,E1135N3973,2.690402121315902
1728,E1135N3974,2.628041354318485
1729,E1135N3975,2.5721960630507223
1730,E1135N3976,2.473523505479482
1731,E1135N3977,2.3807815439716538
1732,E1135N3978,2.3209192033721804
1733,E1135N3979,2.320752156617469
1734,E1135N3980,2.364509666812832
1735,E1135N3981,2.380177450529241
1736,E1135N3982,2.329908801378176
1737,E1135N3983,2.327151984091206
1738,E1135N3984,2.320834468215041
1739,E1135N3985,2.43020446807134
1740,E1135N3986,2.466004963178824
1741,E1135N3987,2.536796485886032
1742,E1135N3988,2.550351579992319
1743,E1135N3989,2.553901138914484
1744,E1135N3990,2.521668427022317
1745,E1135N3991,2.50419250810259
1746,E1135N3992,2.492458789367784
1747,E1135N3993,2.5227669576351888
1748,E1135N3994,2.51554879440376
1749,E1135N3995,2.559642829091976
1750,E1135N3998,2.6285772501523264
1751,E1135N4000,2.597833720971844
1752,E1135N4001,2.5950391629479963
1753,E1135N4003,2.434330982216602
1754,E1135N4004,2.362861955117437
1755,E1135N4005,2.2951335808180207
1756,E1135N4006,2.2576739523770755
1757,E1135N4007,2.262493237705764
1758,E1135N4008,2.2675992324515444
1759,E1135N4010,1.9759608345218904
1760,E1135N4011,1.857181022373342
1761,E1135N4012,1.870081909633717
1762,E1135N4013,1.8529198759818668
1763,E1135N4014,1.99073490577598
1764,E1135N4017,1.836231059159856
1765,E1135N4018,1.8329459334063405
1766,E1135N4019,1.8454302906084872
1767,E1135N4020,1.843901206898631
1768,E1135N4021,1.8394306453666027
1769,E1135N4022,1.8309400366939184
1770,E1135N4023,1.860894857877
1771,E1135N4024,1.8770693934553435
1772,E1135N4025,1.9072049009757683
1773,E1135N4026,1.9330827355883229
1774,E1135N4027,1.9669801128392328
1775,E1135N4028,1.9907558545030573
1776,E1136N3966,2.515466800789828
1777,E1136N3972,2.6796628064320496
1778,E1136N3973,2.6344401499925483
1779,E1136N3974,2.6113775750675
1780,E1136N3975,2.5597398011064554
1781,E1136N3976,2.436147084586621
1782,E1136N3977,2.335403516724413
1783,E1136N3978,2.280208250009208
1784,E1136N3979,2.2886105243758923
1785,E1136N3980,2.3160759915567835
1786,E1136N3981,2.3724400490259616
1787,E1136N3982,2.3243896825607298
1788,E1136N3983,2.285544275961104
1789,E1136N3984,2.282249915232214
1790,E1136N3985,2.3460319817654933
1791,E1136N3986,2.377583786602301
1792,E1136N3987,2.3999791939330803
1793,E1136N3988,2.447428299371869
1794,E1136N3989,2.472951566626039
1795,E1136N3990,2.45506138483063
1796,E1136N3991,2.4508642791961868
1797,E1136N3992,2.48617597715975
1798,E1136N3993,2.488853940673945
1799,E1136N3994,2.483909792075237
1800,E1136N3997,2.6650852873910207
1801,E1136N3998,2.628550654639189
1802,E1136N3999,2.5857301840442704
1803,E1136N4000,2.601748175389777
1804,E1136N4002,2.4953441798563385
1805,E1136N4003,2.4372799595887766
1806,E1136N4004,2.312415280789853
1807,E1136N4005,2.314381509472012
1808,E1136N4006,2.282595390183801
1809,E1136N4007,2.2397869674220385
1810,E1136N4008,2.22560400267622
1811,E1136N4009,2.108457862362473
1812,E1136N4010,2.03055253491926
1813,E1136N4011,1.904315775978903
1814,E1136N4012,1.821592362210492
1815,E1136N4013,1.87988158106534
1816,E1136N4014,1.9715373465047936
1817,E1136N4017,1.890459103636941
1818,E1136N4018,1.808664296695213
1819,E1136N4019,1.7737892287745307
1820,E1136N4020,1.7653083169156716
1821,E1136N4022,1.829804277107268
1822,E1136N4023,1.8478503013131933
1823,E1136N4024,1.901560626014925
1824,E1136N4025,1.9518653105132773
1825,E1136N4026,1.9275517171131809
1826,E1136N4027,1.9103964121002348
1827,E1136N4028,1.9854368350049447
1828,E1137N3952,2.4694600805242106
1829,E1137N3953,2.4043342951083964
1830,E1137N3954,2.385740098479586
1831,E1137N3955,2.3691327582985124
1832,E1137N3956,2.364083270110124
1833,E1137N3959,2.434371470337566
1834,E1137N3961,2.45457990222798
1835,E1137N3966,2.557029078532116
1836,E1137N3967,2.623480597294565
1837,E1137N3968,2.653856826938409
1838,E1137N3969,2.734449075613582
1839,E1137N3970,2.7631907651273084
1840,E1137N3972,2.6349276025600865
1841,E1137N3973,2.630733608630426
1842,E1137N3974,2.606100295997286
1843,E1137N3975,2.50899214569755
1844,E1137N3976,2.351612001480041
1845,E1137N3977,2.279041244348154
1846,E1137N3978,2.243789957850555
1847,E1137N3979,2.2669105938859846
1848,E1137N3980,2.2895995588935523
1849,E1137N3981,2.317074408105081
1850,E1137N3982,2.3070594763391097
1851,E1137N3984,2.282501397224747
1852,E1137N3985,2.2940475621093155
1853,E1137N3986,2.288567343268328
1854,E1137N3987,2.33479978678894
1855,E1137N3988,2.329668190116825
1856,E1137N3989,2.378245712678842
1857,E1137N3990,2.3905766733909646
1858,E1137N3991,2.3999519127329902
1859,E1137N3992,2.451350866290217
1860,E1137N3993,2.409703402634062
1861,E1137N3994,2.426408035805429
1862,E1137N3999,2.587703505457821
1863,E1137N4000,2.6212677632127868
1864,E1137N4001,2.5723871058099697
1865,E1137N4002,2.476931741852628
1866,E1137N4003,2.349507258942708
1867,E1137N4004,2.308101765846617
1868,E1137N4005,2.2365451013600164
1869,E1137N4006,2.2729781176808204
1870,E1137N4007,2.2581735432890806
1871,E1137N4008,2.241388581845684
1872,E1137N4011,1.997584444798157
1873,E1137N4012,1.861651873891207
1874,E1137N4013,1.8554847428611103
1875,E1137N4014,1.9121063950094297
1876,E1137N4017,1.851445615291056
1877,E1137N4018,1.7632110306577913
1878,E1137N4019,1.720789324025552
1879,E1137N4020,1.71829101587408
1880,E1137N4021,1.7662183515277243
1881,E1137N4022,1.759821672528177
1882,E1137N4023,1.81589009803587
1883,E1137N4024,1.897128834123988
1884,E1137N4027,1.8533335559906825
1885,E1138N3950,2.419810888034837
1886,E1138N3951,2.3955266933486854
1887,E1138N3952,2.364011781882509
1888,E1138N3953,2.378524806528996
1889,E1138N3954,2.3618507841367915
1890,E1138N3955,2.3573115750058333
1891,E1138N3956,2.3428823997657022
1892,E1138N3957,2.359481757043788
1893,E1138N3958,2.367167701058005
1894,E1138N3959,2.358990580929683
1895,E1138N3960,2.370993961955208
1896,E1138N3961,2.381525407848875
1897,E1138N3962,2.3895519402973213
1898,E1138N3973,2.611415164843065
1899,E1138N3974,2.5684495521115203
1900,E1138N3975,2.49314723896737
1901,E1138N3976,2.392305728513954
1902,E1138N3977,2.244166579835886
1903,E1138N3978,2.215422119502928
1904,E1138N3979,2.222840346801317
1905,E1138N3980,2.267641063633804
1906,E1138N3981,2.317506075562295
1907,E1138N3982,2.358141818171652
1908,E1138N3983,2.329144588078813
1909,E1138N3984,2.298735969775324
1910,E1138N3985,2.254379566356999
1911,E1138N3987,2.219163981409713
1912,E1138N3988,2.285853479467133
1913,E1138N3989,2.347421898467871
1914,E1138N3990,2.3985431149660497
1915,E1138N3991,2.40607097343946
1916,E1138N3992,2.4150964280613025
1917,E1138N3993,2.407573837339106
1918,E1138N3999,2.5976610121210166
1919,E1138N4000,2.613530810157408
1920,E1138N4001,2.5539201786791064
1921,E1138N4004,2.2724357118634293
1922,E1138N4005,2.2231054318251195
1923,E1138N4006,2.2266492432792573
1924,E1138N4007,2.265662335034913
1925,E1138N4008,2.249593657073767
1926,E1138N4010,1.968888837889436
1927,E1138N4011,1.9472646042917
1928,E1138N4012,1.9326733992355
1929,E1138N4013,1.8140021343502863
1930,E1138N4014,1.835598187725449
1931,E1138N4015,1.750821910407994
1932,E1138N4017,1.7617288250563607
1933,E1138N4018,1.6863421318807834
1934,E1138N4019,1.6477037669059251
1935,E1138N4020,1.672953630234327
1936,E1138N4021,1.704777485779861
1937,E1138N4022,1.748569632584736
1938,E1138N4023,1.7793471747419805
1939,E1138N4024,1.849494966824181
1940,E1138N4025,1.7245294400928777
1941,E1138N4026,1.6592286373800322
1942,E1138N4027,1.6582488009064251
1943,E1139N3948,2.4104636349095427
1944,E1139N3949,2.3917017443423045
1945,E1139N3950,2.363023336916122
1946,E1139N3951,2.3646038804315825
1947,E1139N3952,2.354798394605443
1948,E1139N3953,2.349415866528296
1949,E1139N3954,2.358291631195703
1950,E1139N3955,2.3485640208665086
1951,E1139N3956,2.3439494978087625
1952,E1139N3957,2.3460195571258304
1953,E1139N3958,2.335123105644641
1954,E1139N3959,2.3161057924265567
1955,E1139N3960,2.3437257766294897
1956,E1139N3961,2.3587746649898027
1957,E1139N3962,2.3669334787860947
1958,E1139N3973,2.530049753249693
1959,E1139N3974,2.5236449594173
1960,E1139N3975,2.4584735846934267
1961,E1139N3976,2.366945076535621
1962,E1139N3977,2.1765474855128524
1963,E1139N3978,2.165926765330671
1964,E1139N3979,2.2196615447310952
1965,E1139N3980,2.2813829512067354
1966,E1139N3981,2.3445595613728383
1967,E1139N3982,2.4084500367390818
1968,E1139N3983,2.3476664197723296
1969,E1139N3984,2.2905843077765744
1970,E1139N3985,2.189649900400473
1971,E1139N3986,2.1653987757355
1972,E1139N3987,2.1889120432046165
1973,E1139N3988,2.251369018297802
1974,E1139N3989,2.295558288580475
1975,E1139N3990,2.3669331006148417
1976,E1139N3991,2.4126666867619284
1977,E1139N3992,2.4094265860075605
1978,E1139N3993,2.390032719692085
1979,E1139N4000,2.538524839950787
1980,E1139N4001,2.522768780845921
1981,E1139N4004,2.2018539901128205
1982,E1139N4005,2.2002848251191125
1983,E1139N4006,2.231246788495192
1984,E1139N4007,2.2623827656231223
1985,E1139N4010,2.024806260760616
1986,E1139N4011,1.9617128787288
1987,E1139N4012,1.937946005009188
1988,E1139N4013,1.8462663100818888
1989,E1139N4014,1.7882134715350824
1990,E1139N4015,1.7376462328718163
1991,E1139N4017,1.6754732627581304
1992,E1139N4018,1.7038526718289349
1993,E1139N4019,1.7020406541470172
1994,E1139N4020,1.7301162958806375
1995,E1139N4021,1.746341368814714
1996,E1139N4022,1.7456946111235
1997,E1139N4023,1.821927083857382
1998,E1139N4024,1.8355891588821576
1999,E1139N4025,1.6599836668765309
2000,E1139N4026,1.6176808747452316
2001,E1139N4027,1.6036530467031271
2002,E1140N3946,2.4729473940832984
2003,E1140N3947,2.4513337241258144
2004,E1140N3948,2.406331614597969
2005,E1140N3949,2.3665030339595017
2006,E1140N3950,2.358735176348963
2007,E1140N3951,2.362384135072418
2008,E1140N3952,2.3592859088326463
2009,E1140N3953,2.3492503462383523
2010,E1140N3954,2.344244912964948
2011,E1140N3955,2.3439044899617194
2012,E1140N3956,2.359813238081956
2013,E1140N3957,2.3046012751940093
2014,E1140N3958,2.29086308899458
2015,E1140N3959,2.2758839439852308
2016,E1140N3960,2.3092582687854666
2017,E1140N3961,2.3568986194957784
2018,E1140N3962,2.367884312020503
2019,E1140N3963,2.3708232866288217
2020,E1140N3974,2.498969917156901
2021,E1140N3975,2.3756659323598903
2022,E1140N3976,2.2762468705710006
2023,E1140N3977,2.181924081145836
2024,E1140N3978,2.1743646354958748
2025,E1140N3979,2.1977558697593014
2026,E1140N3981,2.431192723367218
2027,E1140N3982,2.4352359059159934
2028,E1140N3983,2.3477707907350003
2029,E1140N3984,2.2193363174294305
2030,E1140N3985,2.1821607627722863
2031,E1140N3986,2.1646787035831823
2032,E1140N3987,2.188449811343026
2033,E1140N3988,2.198073572329669
2034,E1140N3989,2.271515769439078
2035,E1140N3990,2.399012455649028
2036,E1140N3991,2.434191180569811
2037,E1140N3999,2.4571729635121264
2038,E1140N4000,2.418769602748734
2039,E1140N4001,2.3822769174976246
2040,E1140N4004,2.1643648934364603
2041,E1140N4005,2.168578081494368
2042,E1140N4006,2.2195759316937225
2043,E1140N4007,2.2546806153720835
2044,E1140N4008,2.231552168738431
2045,E1140N4010,1.972272537967561
2046,E1140N4011,1.9527577522854167
2047,E1140N4012,1.9218010556376053
2048,E1140N4013,1.833232122911284
2049,E1140N4014,1.7466604214986692
2050,E1140N4015,1.739993444931465
2051,E1140N4016,1.7462579094159325
2052,E1140N4017,1.7276821016612756
2053,E1140N4018,1.6931520642264812
2054,E1140N4019,1.7647020377730278
2055,E1140N4020,1.7743601421681643
2056,E1140N4021,1.869187546878606
2057,E1140N4022,1.8253856333825336
2058,E1140N4023,1.8951404738840107
2059,E1140N4024,1.884108027520333
2060,E1140N4025,1.66123938662055
2061,E1140N4026,1.5986232185929967
2062,E1140N4027,1.6005493285020094
2063,E1141N3948,2.440076211998742
2064,E1141N3949,2.3692663239098053
2065,E1141N3950,2.342863372436584
2066,E1141N3951,2.354470835016916
2067,E1141N3952,2.35776239115668
2068,E1141N3953,2.334565494456456
2069,E1141N3954,2.336654214730563
2070,E1141N3955,2.315439098151326
2071,E1141N3956,2.3354406594850485
2072,E1141N3957,2.2900571699173544
2073,E1141N3958,2.2924466542805044
2074,E1141N3959,2.274317065442065
2075,E1141N3960,2.334284521128021
2076,E1141N3961,2.3603382209963666
2077,E1141N3962,2.3819056523647046
2078,E1141N3963,2.4060871096154
2079,E1141N3974,2.5016112912760744
2080,E1141N3975,2.389670399048454
2081,E1141N3976,2.286454909530709
2082,E1141N3977,2.245632628425727
2083,E1141N3978,2.2639921009253428
2084,E1141N3979,2.330645595394153
2085,E1141N3980,2.3923785608069714
2086,E1141N3981,2.4730741372496383
2087,E1141N3982,2.4447741089528097
2088,E1141N3983,2.297945062690044
2089,E1141N3984,2.217042774567098
2090,E1141N3985,2.18955845853597
2091,E1141N3986,2.17003752189733
2092,E1141N3987,2.184313006658029
2093,E1141N3988,2.210441869068582
2094,E1141N3989,2.301814631575495
2095,E1141N3999,2.3477029512621392
2096,E1141N4000,2.267595119412652
2097,E1141N4001,2.274816903424514
2098,E1141N4002,2.1464660381432843
2099,E1141N4003,2.037981175657181
2100,E1141N4004,2.029284715096394
2101,E1141N4005,2.13605735950865
2102,E1141N4006,2.125747416147069
2103,E1141N4011,1.9873721632088013
2104,E1141N4012,1.9641705318531304
2105,E1141N4013,1.849200973504516
2106,E1141N4014,1.784124221816619
2107,E1141N4015,1.7513928977814808
2108,E1141N4016,1.8135166225672903
2109,E1141N4017,1.7886701494611312
2110,E1141N4018,1.7443210322066054
2111,E1141N4019,1.7882165707371902
2112,E1141N4020,1.830188708721064
2113,E1141N4021,2.0193549594498474
2114,E1141N4022,2.0655058224703247
2115,E1141N4023,2.1159965267307093
2116,E1141N4024,1.976801888162603
2117,E1141N4025,1.7437480803284695
2118,E1141N4026,1.7190929038610396
2119,E1141N4027,1.683239603111507
2120,E1142N3951,2.3424205416085866
2121,E1142N3952,2.320844100627608
2122,E1142N3953,2.330669727783611
2123,E1142N3954,2.2718456324531604
2124,E1142N3955,2.2887448394526664
2125,E1142N3956,2.31626522854871
2126,E1142N3957,2.330870293185223
2127,E1142N3958,2.3219487398633785
2128,E1142N3959,2.32637190173486
2129,E1142N3960,2.3456127032751364
2130,E1142N3961,2.3671296643217445
2131,E1142N3962,2.397271243362357
2132,E1142N3963,2.4752193812069514
2133,E1142N3964,2.513115162480829
2134,E1142N3972,2.6164189681051835
2135,E1142N3973,2.5295841158053096
2136,E1142N3974,2.4976388203859665
2137,E1142N3975,2.3946015685165496
2138,E1142N3976,2.365544878616404
2139,E1142N3977,2.303062861128712
2140,E1142N3978,2.2889270289486707
2141,E1142N3979,2.367044136156512
2142,E1142N3980,2.434065365877078
2143,E1142N3981,2.4450529333978546
2144,E1142N3982,2.4035407863543403
2145,E1142N3983,2.3274038146326737
2146,E1142N3984,2.2424834173798933
2147,E1142N3985,2.206708579207729
2148,E1142N3986,2.1980033021810192
2149,E1142N3987,2.2023844871555927
2150,E1142N3988,2.2547890709339344
2151,E1142N3991,2.355234895256679
2152,E1142N3998,2.2682485822156675
2153,E1142N3999,2.2465275550266965
2154,E1142N4000,2.191863340162396
2155,E1142N4001,2.189206344222636
2156,E1142N4002,2.0612821280186577
2157,E1142N4003,2.022508204309973
2158,E1142N4004,2.0193495663294576
2159,E1142N4005,2.0891976321350283
2160,E1142N4006,2.180668701863672
2161,E1142N4011,2.0092849664721424
2162,E1142N4012,1.9571521995402408
2163,E1142N4013,1.87136464573992
2164,E1142N4014,1.811188403080244
2165,E1142N4015,1.8316836604077784
2166,E1142N4016,1.8878215734786896
2167,E1142N4017,1.824327042182728
2168,E1142N4018,1.826541572347156
2169,E1142N4019,1.8438181803379163
2170,E1142N4020,1.938401704184287
2171,E1142N4021,2.0486304088398355
2172,E1142N4022,2.127974415711179
2173,E1142N4023,2.1712434017217195
2174,E1142N4024,2.0957988022668377
2175,E1142N4025,1.9783636389839203
2176,E1142N4027,2.0074739244598887
2177,E1143N3954,2.270912296210644
2178,E1143N3955,2.2770911714704507
2179,E1143N3956,2.28113341440453
2180,E1143N3957,2.332621381825773
2181,E1143N3958,2.332671286978047
2182,E1143N3959,2.3561939895171093
2183,E1143N3960,2.3393552369679496
2184,E1143N3961,2.3897552368113524
2185,E1143N3975,2.4198528020423264
2186,E1143N3976,2.379629133668733
2187,E1143N3977,2.3718444761438184
2188,E1143N3978,2.3727159361417134
2189,E1143N3979,2.3368428801498684
2190,E1143N3980,2.3786997302831905
2191,E1143N3981,2.354828918951295
2192,E1143N3982,2.355985787038852
2193,E1143N3983,2.3226465878961515
2194,E1143N3984,2.27546202959924
2195,E1143N3985,2.272373498094509
2196,E1143N3986,2.2682713371276364
2197,E1143N3987,2.29359990359488
2198,E1143N3998,2.251030641650951
2199,E1143N3999,2.22150980229758
2200,E1143N4000,2.197511259155813
2201,E1143N4001,2.183929351373949
2202,E1143N4002,2.0508086168787205
2203,E1143N4003,2.0458830587709453
2204,E1143N4004,2.0226565747612306
2205,E1143N4005,2.056893720054924
2206,E1143N4006,2.165236364650391
2207,E1143N4007,2.3156567531394425
2208,E1143N4013,1.8049600509340016
2209,E1143N4014,1.8083174473046808
2210,E1143N4016,1.9042794637877287
2211,E1143N4017,1.888862127675225
2212,E1143N4018,1.8093159646780288
2213,E1143N4019,1.8317586426076395
2214,E1143N4020,1.9851228113524504
2215,E1143N4021,2.0503313426031413
2216,E1143N4022,2.1749618373322224
2217,E1143N4023,2.184686185869295
2218,E1143N4024,2.141282838951369
2219,E1143N4025,2.095561494537564
2220,E1143N4026,2.072968064898587
2221,E1143N4027,2.0590734032047378
2222,E1144N3954,2.2887980874257736
2223,E1144N3955,2.290876598739832
2224,E1144N3956,2.3055127323534923
2225,E1144N3957,2.3261712221637096
2226,E1144N3958,2.3407335367276936
2227,E1144N3959,2.3544050238312457
2228,E1144N3960,2.371039633293231
2229,E1144N3969,2.531593654174209
2230,E1144N3975,2.419320138829754
2231,E1144N3976,2.3953482990366792
2232,E1144N3977,2.361753448105497
2233,E1144N3978,2.33521906026747
2234,E1144N3979,2.3083760389512933
2235,E1144N3980,2.288381593075675
2236,E1144N3981,2.260646516922006
2237,E1144N3982,2.2579418132615
2238,E1144N3983,2.320963900531212
2239,E1144N3984,2.338013630076078
2240,E1144N3985,2.36818052246722
2241,E1144N3986,2.385251074860044
2242,E1144N3987,2.41409687977358
2243,E1144N3998,2.2330961238118943
2244,E1144N3999,2.227990597065404
2245,E1144N4000,2.213786596529118
2246,E1144N4001,2.1881080649435702
2247,E1144N4002,2.1163589044482696
2248,E1144N4003,2.027118898951511
2249,E1144N4004,1.971557059289089
2250,E1144N4005,2.036936341322217
2251,E1144N4006,2.132581437191447
2252,E1144N4007,2.2623413921829454
2253,E1144N4011,1.897811352815528
2254,E1144N4022,2.202110653742763
2255,E1144N4023,2.181041416905506
2256,E1144N4024,2.190190591221868
2257,E1144N4025,2.197478556127865
2258,E1144N4026,2.1771147491858693
2259,E1144N4027,2.2115031762508
2260,E1145N3954,2.295291452214842
2261,E1145N3955,2.316917042692345
2262,E1145N3956,2.358480866555888
2263,E1145N3957,2.3513010209791103
2264,E1145N3958,2.47184132985296
2265,E1145N3975,2.415775253777582
2266,E1145N3976,2.358690499746159
2267,E1145N3977,2.326841350831463
2268,E1145N3978,2.238712033151369
2269,E1145N3979,2.219315399662885
2270,E1145N3980,2.18356982720601
2271,E1145N3981,2.199453640141343
2272,E1145N3982,2.21739867795144
2273,E1145N3983,2.2981947298003167
2274,E1145N3984,2.338568161812143
2275,E1145N3985,2.3633730457620623
2276,E1145N3986,2.4336646076950275
2277,E1145N3987,2.433773687253668
2278,E1145N3988,2.4534403164644623
2279,E1145N3998,2.248028933568871
2280,E1145N3999,2.241932882379351
2281,E1145N4000,2.199380557532691
2282,E1145N4001,2.221877577824361
2283,E1145N4002,2.1824696931663765
2284,E1145N4003,2.031737511751376
2285,E1145N4004,2.023813270597965
2286,E1145N4005,2.045420873653358
2287,E1145N4006,2.06930280918618
2288,E1145N4022,2.2616469561413948
2289,E1145N4023,2.23999565613702
2290,E1145N4025,2.3130325749338194
2291,E1145N4026,2.2901262398586733
2292,E1146N3949,2.365144638184121
2293,E1146N3952,2.2979958608208184
2294,E1146N3953,2.3132973419079894
2295,E1146N3954,2.317027736251231
2296,E1146N3955,2.407496982172084
2297,E1146N3956,2.439735600895799
2298,E1146N3957,2.4557099763309944
2299,E1146N3974,2.4614453968959658
2300,E1146N3975,2.377563759347744
2301,E1146N3978,2.1171086469976204
2302,E1146N3979,2.1546749395593814
2303,E1146N3980,2.170310584031221
2304,E1146N3981,2.161187475997731
2305,E1146N3982,2.198121541518704
2306,E1146N3983,2.273748035345581
2307,E1146N3984,2.3216107096611487
2308,E1146N3985,2.333793741004616
2309,E1146N3986,2.321269426739843
2310,E1146N3987,2.338388054204572
2311,E1146N3988,2.39350499244168
2312,E1146N3989,2.4415845021318274
2313,E1146N3995,2.2898088860554484
2314,E1146N3996,2.2412993606403484
2315,E1146N3997,2.254843997140601
2316,E1146N3998,2.2054014983654446
2317,E1146N3999,2.13707341069167
2318,E1146N4000,2.1332610378850947
2319,E1146N4001,2.202253237543169
2320,E1146N4002,2.1052707065864498
2321,E1146N4003,1.999564004100398
2322,E1146N4004,1.983735684253198
2323,E1146N4005,1.9863944806468248
2324,E1146N4006,1.9752639184950496
2325,E1146N4021,2.366786513167332
2326,E1146N4022,2.3831582828265336
2327,E1146N4023,2.293910102194588
2328,E1146N4025,2.3714312927758208
2329,E1147N3951,2.294376103860821
2330,E1147N3952,2.31664962447245
2331,E1147N3953,2.3044531823606005
2332,E1147N3954,2.319590896722478
2333,E1147N3955,2.376593013038588
2334,E1147N3956,2.444829088692998
2335,E1147N3957,2.4756751206220016
2336,E1147N3973,2.4720567267983813
2337,E1147N3974,2.4998127458531183
2338,E1147N3975,2.353003067990393
2339,E1147N3976,2.2573416657787164
2340,E1147N3977,2.0305634461455
2341,E1147N3978,1.9974228886304064
2342,E1147N3979,2.03054431580599
2343,E1147N3980,2.110625544223925
2344,E1147N3981,2.176238949372138
2345,E1147N3982,2.1951771971208136
2346,E1147N3983,2.2394337624625784
2347,E1147N3984,2.260644487913237
2348,E1147N3985,2.285616674603627
2349,E1147N3986,2.285219726095277
2350,E1147N3987,2.2961257198246154
2351,E1147N3988,2.349436463662978
2352,E1147N3989,2.381311778270917
2353,E1147N3990,2.5524216988116573
2354,E1147N3995,2.296011892508289
2355,E1147N3996,2.204313486829003
2356,E1147N3997,2.155745786094592
2357,E1147N3998,2.121252021148297
2358,E1147N3999,2.1175651862725955
2359,E1147N4000,2.113506831058406
2360,E1147N4001,2.1275572079809546
2361,E1147N4003,1.992523320244442
2362,E1147N4004,1.937582786042596
2363,E1147N4005,1.937858731062173
2364,E1147N4006,1.96485667004819
2365,E1147N4007,2.059097745173552
2366,E1147N4008,2.122965007464949
2367,E1147N4021,2.481948729594165
2368,E1147N4022,2.449549011242029
2369,E1147N4023,2.386752219468597
2370,E1147N4024,2.37236961141697
2371,E1147N4025,2.4396982679333155
2372,E1147N4026,2.475424238175797
2373,E1148N3951,2.309823721581316
2374,E1148N3952,2.290026426442083
2375,E1148N3953,2.305057718065432
2376,E1148N3954,2.3240723451892955
2377,E1148N3955,2.3709029101639425
2378,E1148N3956,2.391409943628757
2379,E1148N3974,2.446857950842704
2380,E1148N3975,2.326248488353754
2381,E1148N3976,2.1289240598939028
2382,E1148N3977,1.9763929497253243
2383,E1148N3978,1.965278287413168
2384,E1148N3979,1.984270783051537
2385,E1148N3980,2.0161438065668067
2386,E1148N3981,2.181574231297173
2387,E1148N3982,2.20597909160216
2388,E1148N3983,2.168762756864383
2389,E1148N3984,2.180805822926389
2390,E1148N3985,2.2082347246351506
2391,E1148N3986,2.23085618967239
2392,E1148N3987,2.2683749818909127
2393,E1148N3988,2.325417108154713
2394,E1148N3996,2.190809471318492
2395,E1148N3997,2.181823297344833
2396,E1148N3998,2.085248323246492
2397,E1148N3999,2.109050106451244
2398,E1148N4000,2.130077848881577
2399,E1148N4001,2.1102742053317454
2400,E1148N4002,2.0295354694982968
2401,E1148N4003,1.9784488843707129
2402,E1148N4004,1.9508714306166384
2403,E1148N4005,1.919258478090383
2404,E1148N4006,1.9724141469898515
2405,E1148N4007,2.0741087134396365
2406,E1148N4008,2.1755542626872573
2407,E1148N4009,2.183175197655016
2408,E1149N3952,2.2874119749110724
2409,E1149N3953,2.2961964747288905
2410,E1149N3954,2.337305922102561
2411,E1149N3955,2.362685475479711
2412,E1149N3956,2.380582909306544
2413,E1149N3957,2.3844021162060205
2414,E1149N3974,2.5209023782857183
2415,E1149N3975,2.420742557575844
2416,E1149N3977,1.979289925435025
2417,E1149N3978,1.965951020711532
2418,E1149N3979,1.976990102638707
2419,E1149N3980,2.013395370334797
2420,E1149N3981,2.174017708326554
2421,E1149N3982,2.198055996116392
2422,E1149N3983,2.145537375481173
2423,E1149N3984,2.169140178602317
2424,E1149N3985,2.1724037129369056
2425,E1149N3999,2.1317907806732914
2426,E1149N4000,2.1381379488282404
2427,E1149N4001,2.088588227589398
2428,E1149N4002,2.0896530236680606
2429,E1149N4003,2.0723547093699426
2430,E1149N4004,1.9862244624517915
2431,E1149N4005,1.9508429299185448
2432,E1149N4006,2.008111929701761
2433,E1149N4007,2.095421757595052
2434,E1149N4008,2.220197904696705
2435,E1149N4009,2.2618929057865187
2436,E1150N3953,2.3598858904604945
2437,E1150N3955,2.357037005085406
2438,E1150N3956,2.393192611248638
2439,E1150N3957,2.393608337804033
2440,E1150N3975,2.4860102342940213
2441,E1150N3977,2.1432770229006963
2442,E1150N3978,2.0433419624549773
2443,E1150N3979,2.040152055510464
2444,E1150N3980,2.1609703861890166
2445,E1150N3981,2.208386660445557
2446,E1150N3982,2.209237475983979
2447,E1150N3983,2.166107895540177
2448,E1150N3984,2.1889404195120927
2449,E1150N3985,2.2277035638202847
2450,E1150N4001,2.1762811602541774
2451,E1150N4002,2.193039864880538
2452,E1150N4003,2.136764554067453
2453,E1150N4004,2.0173110514719803
2454,E1150N4005,1.992697093180208
2455,E1150N4006,2.057826028286379
2456,E1150N4008,2.2510725831288405
2457,E1150N4010,2.3175070755647043
2458,E1150N4011,2.279246089459227
2459,E1151N3955,2.3598499974364344
2460,E1151N3956,2.4001896765008124
2461,E1151N3957,2.4133806793150967
2462,E1151N3980,2.221457720206672
2463,E1151N3981,2.2624850968186894
2464,E1151N3982,2.224429351654591
2465,E1151N3983,2.1988526926202856
2466,E1151N3984,2.214169682629515
2467,E1151N3997,2.08854894405632
2468,E1151N3999,2.102436315202504
2469,E1151N4000,2.2090864787689366
2470,E1151N4001,2.2498014846895327
2471,E1151N4002,2.2699747330390627
2472,E1151N4003,2.2839692463841947
2473,E1151N4004,2.2183683519975115
2474,E1151N4005,2.2397951142711
2475,E1151N4007,2.271224271706496
2476,E1151N4008,2.285383137034419
2477,E1151N4010,2.3681848859692547
2478,E1151N4012,2.360660427537226
2479,E1151N4026,2.408680276821395
2480,E1152N3970,2.5025012781650684
2481,E1152N3971,2.5354829428449275
2482,E1152N3973,2.575077961660375
2483,E1152N3975,2.5680354281547166
2484,E1152N3976,2.566889558888077
2485,E1152N3981,2.346511088762657
2486,E1152N3982,2.3311836040343485
2487,E1152N3983,2.3074604414153903
2488,E1152N3984,2.2592670529389505
2489,E1152N3994,2.368813088538475
2490,E1152N3995,2.240909279745791
2491,E1152N3996,2.160428525877032
2492,E1152N3997,2.12304195456945
2493,E1152N3998,2.055240408800297
2494,E1152N3999,2.0946685983352187
2495,E1152N4000,2.1785756445811355
2496,E1152N4002,2.28281401694517
2497,E1152N4003,2.2759337205339043
2498,E1152N4004,2.256843415135046
2499,E1152N4005,2.2771641504677
2500,E1152N4006,2.308743800242713
2501,E1152N4007,2.301402229185116
2502,E1152N4008,2.346421434721192
2503,E1152N4009,2.341273525478561
2504,E1152N4010,2.324947276313272
2505,E1152N4013,2.339871859416588
2506,E1152N4020,2.2774030912144894
2507,E1152N4022,2.3081464306479145
2508,E1152N4023,2.300628860252566
2509,E1152N4024,2.3415825181996848
2510,E1152N4025,2.388928762290373
2511,E1152N4026,2.401735502556869
2512,E1153N3956,2.54225953198629
2513,E1153N3970,2.535615023969808
2514,E1153N3971,2.547527008254702
2515,E1153N3972,2.550370414578819
2516,E1153N3973,2.559119093485756
2517,E1153N3974,2.583288511514444
2518,E1153N3975,2.588365993336972
2519,E1153N3976,2.5748121821997096
2520,E1153N3977,2.5519092799369325
2521,E1153N3978,2.5596053454463554
2522,E1153N3979,2.5234673299819854
2523,E1153N3980,2.507078199314265
2524,E1153N3981,2.477359278547993
2525,E1153N3982,2.4352404719534904
2526,E1153N3983,2.3783778484685643
2527,E1153N3994,2.339297783305193
2528,E1153N3995,2.3049708404538207
2529,E1153N3996,2.1580268406325924
2530,E1153N3997,2.0742876106699515
2531,E1153N3998,1.998427332535508
2532,E1153N3999,2.061559094844224
2533,E1153N4000,2.1193410707346363
2534,E1153N4001,2.233655533753044
2535,E1153N4002,2.288664414153865
2536,E1153N4003,2.292175956151137
2537,E1153N4004,2.285415898414412
2538,E1153N4005,2.3046862073873347
2539,E1153N4006,2.365835632842167
2540,E1153N4007,2.336665732679634
2541,E1153N4008,2.3454769156702544
2542,E1153N4009,2.339197691241245
2543,E1153N4010,2.283000688318544
2544,E1153N4016,2.440300641530184
2545,E1153N4017,2.446638035610468
2546,E1153N4019,2.2909187583852058
2547,E1153N4020,2.242417791752781
2548,E1153N4021,2.2215525598561348
2549,E1153N4022,2.2336694568273403
2550,E1153N4023,2.2343266013295007
2551,E1153N4024,2.3407708323828675
2552,E1153N4025,2.3589162363064995
2553,E1153N4026,2.366287310649952
2554,E1154N3956,2.444389365707621
2555,E1154N3970,2.5193402100929245
2556,E1154N3971,2.524349918663072
2557,E1154N3972,2.526850850545406
2558,E1154N3973,2.537809707652091
2559,E1154N3974,2.554986937776828
2560,E1154N3975,2.564415574078576
2561,E1154N3976,2.571441301443516
2562,E1154N3977,2.5719627410849264
2563,E1154N3978,2.544495721518131
2564,E1154N3979,2.5177865504811026
2565,E1154N3980,2.510470963884725
2566,E1154N3981,2.5094097875912587
2567,E1154N3982,2.500241153017005
2568,E1154N3983,2.453690173121017
2569,E1154N3984,2.440775311264914
2570,E1154N3995,2.2812142061999108
2571,E1154N3996,2.170847248008201
2572,E1154N3997,2.0814440706936392
2573,E1154N3998,2.0504545278633675
2574,E1154N3999,2.061443929898494
2575,E1154N4000,2.119134920224309
2576,E1154N4001,2.2385620642789106
2577,E1154N4002,2.278090918398811
2578,E1154N4003,2.2894561725673457
2579,E1154N4004,2.291402305631105
2580,E1154N4005,2.2921762549666065
2581,E1154N4006,2.369439178216714
2582,E1154N4007,2.3739411507202126
2583,E1154N4008,2.3487892144490594
2584,E1154N4009,2.344550619408344
2585,E1154N4018,2.332172621156399
2586,E1154N4019,2.299768933736466
2587,E1154N4020,2.253685743983603
2588,E1154N4021,2.2365187472314223
2589,E1154N4022,2.2308633978326444
2590,E1154N4023,2.229006412564208
2591,E1154N4024,2.262651264343868
2592,E1154N4025,2.2758114497376747
2593,E1154N4026,2.329844658034442
2594,E1155N3970,2.505369774535302
2595,E1155N3971,2.518446391035268
2596,E1155N3972,2.5069801685809097
2597,E1155N3973,2.506821692631376
2598,E1155N3974,2.54163926791746
2599,E1155N3975,2.560563167400623
2600,E1155N3976,2.575151125585948
2601,E1155N3977,2.57014423302548
2602,E1155N3978,2.5524760647826263
2603,E1155N3979,2.510163349582674
2604,E1155N3980,2.494860164612512
2605,E1155N3981,2.496048585264418
2606,E1155N3982,2.4981716950605546
2607,E1155N3983,2.4752534552897827
2608,E1155N3995,2.2872967837360862
2609,E1155N3996,2.192651001818154
2610,E1155N3997,2.1063100873825467
2611,E1155N3998,2.081437531073284
2612,E1155N3999,2.0944529424793505
2613,E1155N4000,2.172446716185092
2614,E1155N4001,2.2907151591061865
2615,E1155N4002,2.304524593540156
2616,E1155N4003,2.3108664914981323
2617,E1155N4004,2.2637240537745047
2618,E1155N4005,2.27039645437135
2619,E1155N4006,2.3420377633955427
2620,E1155N4007,2.42123374168171
2621,E1155N4009,2.3501836181692504
2622,E1155N4010,2.332826321653765
2623,E1155N4011,2.12097148994764
2624,E1155N4018,2.359303370387196
2625,E1155N4019,2.2991249412594974
2626,E1155N4020,2.2390591673737497
2627,E1155N4021,2.231935863429961
2628,E1155N4022,2.22711861830692
2629,E1155N4023,2.228732202446169
2630,E1155N4024,2.2618729266914697
2631,E1155N4025,2.260367906209324
2632,E1155N4026,2.267320984038087
2633,E1155N4027,2.2784518939456606
2634,E1155N4028,2.248041760702064
2635,E1155N4029,2.2364894937721016
2636,E1155N4030,2.2798653670828304
2637,E1156N3972,2.5059229095636835
2638,E1156N3973,2.509565879528912
2639,E1156N3974,2.525691356175862
2640,E1156N3975,2.5377779358048747
2641,E1156N3977,2.559080582827961
2642,E1156N3979,2.519289247904529
2643,E1156N3980,2.492869588597806
2644,E1156N3981,2.4897242143410803
2645,E1156N3982,2.494341992812442
2646,E1156N3997,2.177399503920494
2647,E1156N3998,2.1445061087183324
2648,E1156N4000,2.1944890620047617
2649,E1156N4001,2.1983243501934586
2650,E1156N4002,2.2593485069968366
2651,E1156N4003,2.3089650857036625
2652,E1156N4004,2.265860735275829
2653,E1156N4005,2.3050119699967224
2654,E1156N4006,2.383526754739109
2655,E1156N4007,2.4720911361168536
2656,E1156N4008,2.441539053122284
2657,E1156N4009,2.418568573311994
2658,E1156N4010,2.3108156504872963
2659,E1156N4016,2.4787007654618414
2660,E1156N4017,2.4077257821849773
2661,E1156N4018,2.36778112699564
2662,E1156N4019,2.306172492129136
2663,E1156N4020,2.2820198070895925
2664,E1156N4021,2.257290246790004
2665,E1156N4022,2.2421388489907828
2666,E1156N4023,2.244432023544768
2667,E1156N4024,2.267357996309734
2668,E1156N4025,2.2702322936432786
2669,E1156N4026,2.2843655653215853
2670,E1156N4027,2.2818943668313727
2671,E1156N4028,2.2668515773946853
2672,E1156N4029,2.252650128054799
2673,E1156N4030,2.2720013240672228
2674,E1156N4031,2.401917140590028
2675,E1157N3979,2.504419963085103
2676,E1157N3980,2.4873728534731403
2677,E1157N3981,2.481876572342191
2678,E1157N3982,2.4962926815799085
2679,E1157N3996,2.25986787699368
2680,E1157N3997,2.1832119119017714
2681,E1157N3998,2.1959128083050747
2682,E1157N3999,2.149955811079102
2683,E1157N4000,2.189223334297355
2684,E1157N4002,2.2798111635257534
2685,E1157N4003,2.2614199946917104
2686,E1157N4004,2.2495815852960908
2687,E1157N4006,2.406100032236812
2688,E1157N4007,2.464839943314842
2689,E1157N4016,2.514559160875196
2690,E1157N4017,2.416378847125571
2691,E1157N4018,2.3603298227087417
2692,E1157N4019,2.323528766831411
2693,E1157N4020,2.3055317744146
2694,E1157N4021,2.278685797153877
2695,E1157N4022,2.2744172998097776
2696,E1157N4023,2.253111787861172
2697,E1157N4024,2.2591639727213253
2698,E1157N4025,2.2602683053753863
2699,E1157N4026,2.279167826740097
2700,E1157N4027,2.2879730556305526
2701,E1157N4028,2.277195454416788
2702,E1157N4029,2.260544240257761
2703,E1157N4030,2.25182583148726
2704,E1158N3996,2.280809113359756
2705,E1158N3997,2.270838978065557
2706,E1158N3998,2.203607659836232
2707,E1158N3999,2.1997297087914256
2708,E1158N4000,2.2458730817128294
2709,E1158N4001,2.222506957934676
2710,E1158N4002,2.189748459611529
2711,E1158N4003,2.277159878055834
2712,E1158N4004,2.2775903665919084
2713,E1158N4005,2.294470964396424
2714,E1158N4017,2.479842562637938
2715,E1158N4018,2.3744825319346914
2716,E1158N4019,2.3528918096030704
2717,E1158N4020,2.330731352094148
2718,E1158N4021,2.2931399390873564
2719,E1158N4022,2.2821648887336923
2720,E1158N4023,2.272798384318762
2721,E1158N4024,2.2581734349519067
2722,E1158N4025,2.256846859126307
2723,E1158N4026,2.2968075287379777
2724,E1158N4027,2.29638128447293
2725,E1158N4028,2.284560947799
2726,E1158N4029,2.2591012359064515
2727,E1158N4030,2.287688796291932
2728,E1159N3974,2.369677033483204
2729,E1159N3975,2.368776889967565
2730,E1159N3976,2.3470246889138675
2731,E1159N3977,2.342598313172831
2732,E1159N3978,2.3435376251442723
2733,E1159N3979,2.3469183794066044
2734,E1159N3980,2.412152989214505
2735,E1159N3981,2.4536069675836
2736,E1159N3982,2.4545360471612527
2737,E1159N3997,2.2627198156711668
2738,E1159N3998,2.1957806060021103
2739,E1159N3999,2.238530447005751
2740,E1159N4000,2.1989643393687
2741,E1159N4001,2.236394115750602
2742,E1159N4002,2.24238339463222
2743,E1159N4003,2.229422064169244
2744,E1159N4004,2.251480763997737
2745,E1159N4005,2.277357350122
2746,E1159N4017,2.488630641070782
2747,E1159N4018,2.4302732475256583
2748,E1159N4019,2.382139356069052
2749,E1159N4020,2.3339181886313787
2750,E1159N4021,2.317283714676801
2751,E1159N4022,2.3070191439322394
2752,E1159N4023,2.2776024083300777
2753,E1159N4024,2.263510390759364
2754,E1159N4025,2.2740978216643364
2755,E1159N4026,2.301172189926227
2756,E1159N4027,2.303855401278473
2757,E1159N4028,2.2813218849568626
2758,E1159N4029,2.336154661713284
2759,E1159N4030,2.35171759946348
2760,E1160N3973,2.361746978627246
2761,E1160N3974,2.3530108188573906
2762,E1160N3975,2.34468471726127
2763,E1160N3976,2.332798504583521
2764,E1160N3977,2.3369343648049994
2765,E1160N3978,2.348243629855842
2766,E1160N3979,2.3480079742993087
2767,E1160N3980,2.3804298439874745
2768,E1160N3981,2.4009853240363013
2769,E1160N3982,2.430953103636788
2770,E1160N4001,2.243653583962023
2771,E1160N4002,2.240835598874366
2772,E1160N4003,2.259791825214681
2773,E1160N4004,2.2901241508019146
2774,E1160N4005,2.317655817268834
2775,E1160N4018,2.4398349894283413
2776,E1160N4019,2.398819238164553
2777,E1160N4020,2.35504046571888
2778,E1160N4021,2.3446603024883257
2779,E1160N4022,2.3249841134436253
2780,E1160N4023,2.31453477774972
2781,E1160N4024,2.3035478798478404
2782,E1160N4025,2.290301364607688
2783,E1160N4026,2.293817884457176
2784,E1160N4027,2.3090788475656674
2785,E1160N4028,2.3239709605113408
2786,E1160N4029,2.3396738242863133
2787,E1161N3972,2.394658333490825
2788,E1161N3973,2.351017782409689
2789,E1161N3974,2.341149046891168
2790,E1161N3975,2.338405530651693
2791,E1161N3976,2.342406862873941
2792,E1161N3977,2.331324150252962
2793,E1161N3978,2.346030482106191
2794,E1161N3979,2.3730969720067767
2795,E1161N3980,2.3491633414216184
2796,E1161N3981,2.3409286701705256
2797,E1161N3982,2.351230271070881
2798,E1161N4021,2.3519352884159006
2799,E1161N4022,2.359614759838564
2800,E1161N4023,2.357691092683815
2801,E1161N4024,2.358979349276267
2802,E1161N4025,2.353457073160537
2803,E1161N4026,2.331874343525439
2804,E1161N4027,2.3262614699579705
2805,E1161N4028,2.348998413172005
2806,E1161N4029,2.385547390613242
2807,E1161N4030,2.415941607436836
2808,E1162N3968,2.557837019341742
2809,E1162N3970,2.5437253197581446
2810,E1162N3971,2.3398208258959774
2811,E1162N3972,2.3415960835237626
2812,E1162N3973,2.332329003885096
2813,E1162N3974,2.325331684452872
2814,E1162N3975,2.328182717159546
2815,E1162N3976,2.340281490539754
2816,E1162N3977,2.3905538324115274
2817,E1162N3978,2.370132296599868
2818,E1162N3979,2.3838826765456806
2819,E1162N3980,2.339102210120215
2820,E1162N3981,2.3110417929960665
2821,E1162N3982,2.303531592992374
2822,E1162N3983,2.3573030528693133
2823,E1162N4024,2.422574561044379
2824,E1162N4025,2.427445571992927
2825,E1162N4026,2.391911875437156
2826,E1162N4027,2.364584641340798
2827,E1162N4028,2.3760973225905246
2828,E1162N4029,2.4531864851707748
2829,E1162N4030,2.4925485013697712
2830,E1162N4031,2.504856242617918
2831,E1163N3967,2.556965489715852
2832,E1163N3968,2.5829875111349727
2833,E1163N3969,2.5564782193965274
2834,E1163N3970,2.409981748297456
2835,E1163N3971,2.320500847490101
2836,E1163N3972,2.3184172620798327
2837,E1163N3973,2.309865832820773
2838,E1163N3974,2.303013405292881
2839,E1163N3975,2.303657596853863
2840,E1163N3976,2.343218218872708
2841,E1163N3977,2.4000095705352145
2842,E1163N3978,2.3974993730511147
2843,E1163N3979,2.396161251142156
2844,E1163N3980,2.335002962515382
2845,E1163N3981,2.2988451877706573
2846,E1163N3982,2.2896668472130632
2847,E1163N4024,2.494889705027618
2848,E1163N4025,2.4872133255788667
2849,E1163N4026,2.47794160228439
2850,E1163N4027,2.452075425566741
2851,E1163N4028,2.4289048404993947
2852,E1163N4029,2.493606174349396
2853,E1163N4030,2.504573582043677
2854,E1163N4031,2.539186586860815
2855,E1164N3967,2.5347925474535207
2856,E1164N3968,2.571641486593694
2857,E1164N3969,2.4822777334368693
2858,E1164N3970,2.3467981056277125
2859,E1164N3971,2.3017487031260067
2860,E1164N3972,2.2774693663761054
2861,E1164N3973,2.273963302474947
2862,E1164N3974,2.253605515327887
2863,E1164N3975,2.2834391879141887
2864,E1164N3976,2.2799186911520537
2865,E1164N3978,2.413603019610965
2866,E1164N3979,2.420246769213865
2867,E1164N3980,2.36710862463001
2868,E1164N3981,2.309376817541921
2869,E1164N3982,2.297208044997229
2870,E1164N3983,2.273206669803685
2871,E1164N3984,2.336042431805486
2872,E1164N4005,2.4143387649036896
2873,E1164N4023,2.542434981391022
2874,E1164N4024,2.531747115069884
2875,E1164N4025,2.4953394744334103
2876,E1164N4026,2.5086211604989286
2877,E1164N4027,2.517712850151804
2878,E1164N4028,2.5163735644789904
2879,E1164N4029,2.5296783108100933
2880,E1164N4030,2.5496828642417224
2881,E1165N3969,2.408477398399565
2882,E1165N3970,2.305852284799302
2883,E1165N3971,2.278279099970643
2884,E1165N3972,2.26464382859174
2885,E1165N3973,2.265375559451723
2886,E1165N3974,2.2525191786857337
2887,E1165N3975,2.265078731508706
2888,E1165N3976,2.2683095460047324
2889,E1165N3977,2.3306392707575583
2890,E1165N3978,2.400582707568016
2891,E1165N3979,2.4174336922916617
2892,E1165N3980,2.431486841353926
2893,E1165N3982,2.278648435962303
2894,E1165N3983,2.243536997991977
2895,E1165N3984,2.218635375471728
2896,E1165N4027,2.570570970469119
2897,E1165N4028,2.5758517607695577
2898,E1165N4029,2.548602766805072
2899,E1165N4030,2.5411908627807827
2900,E1165N4032,2.493876742893276
2901,E1165N4033,2.499148364847424
2902,E1166N3969,2.373737554396906
2903,E1166N3970,2.305901787691385
2904,E1166N3971,2.28444461499929
2905,E1166N3972,2.2708517512879114
2906,E1166N3973,2.276251948682156
2907,E1166N3974,2.264405819178932
2908,E1166N3975,2.252536294239325
2909,E1166N3976,2.27741763068616
2910,E1166N3977,2.333293789533338
2911,E1166N3978,2.393874863539605
2912,E1166N3979,2.4132705838184783
2913,E1166N4023,2.472065469256846
2914,E1166N4031,2.4789279071543584
2915,E1166N4032,2.4909274672855606
2916,E1167N3968,2.467668748716058
2917,E1167N3969,2.445312183365211
2918,E1167N3970,2.3340322791820025
2919,E1167N3971,2.338793670892554
2920,E1167N3972,2.3103026426557776
2921,E1167N3973,2.299731746152049
2922,E1167N3974,2.309398712501057
2923,E1167N3975,2.3075893137949794
2924,E1167N3976,2.3091253458041896
2925,E1167N3977,2.355137692898245
2926,E1167N3978,2.4137519119238915
2927,E1167N3979,2.410476210374146
2928,E1167N4020,2.42454198652036
2929,E1167N4024,2.3386815295088725
2930,E1168N3970,2.467245956339559
2931,E1168N3971,2.3520501491501755
2932,E1168N3974,2.364987673825119
2933,E1168N3975,2.348942950291561
2934,E1168N3976,2.341389900459565
2935,E1168N3977,2.4008477985638863
2936,E1168N3978,2.4107239364722965
