﻿"Soort misdrijf";"Perioden";"Wijken en buurten";"Geregistreerde misdrijven (aantal)"
"Totaal misdrijven";"2012";"Breda";"   16589"
"Totaal misdrijven";"2013";"Breda";"   15155"
"Totaal misdrijven";"2014";"Breda";"   13951"
"Totaal misdrijven";"2015";"Breda";"   13191"
"Totaal misdrijven";"2016";"Breda";"   12441"
"Totaal misdrijven";"2017";"Breda";"   11175"
"Totaal misdrijven";"2018";"Breda";"   10414"
"Totaal misdrijven";"2019";"Breda";"   10960"
"Totaal misdrijven";"2020";"Breda";"   10895"
"Totaal misdrijven";"2021";"Breda";"    9878"
"Totaal misdrijven";"2022";"Breda";"   10752"
"Totaal misdrijven";"2012";"Breda centrum";"    4453"
"Totaal misdrijven";"2013";"Breda centrum";"    4120"
"Totaal misdrijven";"2014";"Breda centrum";"    3975"
"Totaal misdrijven";"2015";"Breda centrum";"    3445"
"Totaal misdrijven";"2016";"Breda centrum";"    3226"
"Totaal misdrijven";"2017";"Breda centrum";"    2884"
"Totaal misdrijven";"2018";"Breda centrum";"    2413"
"Totaal misdrijven";"2019";"Breda centrum";"    2673"
"Totaal misdrijven";"2020";"Breda centrum";"    2118"
"Totaal misdrijven";"2021";"Breda centrum";"    1785"
"Totaal misdrijven";"2022";"Breda centrum";"    2850"
"Totaal misdrijven";"2012";"Valkenberg";"     356"
"Totaal misdrijven";"2013";"Valkenberg";"     324"
"Totaal misdrijven";"2014";"Valkenberg";"     385"
"Totaal misdrijven";"2015";"Valkenberg";"     353"
"Totaal misdrijven";"2016";"Valkenberg";"     348"
"Totaal misdrijven";"2017";"Valkenberg";"     282"
"Totaal misdrijven";"2018";"Valkenberg";"     233"
"Totaal misdrijven";"2019";"Valkenberg";"     270"
"Totaal misdrijven";"2020";"Valkenberg";"     234"
"Totaal misdrijven";"2021";"Valkenberg";"     182"
"Totaal misdrijven";"2022";"Valkenberg";"     213"
"Totaal misdrijven";"2012";"Chassé";"     687"
"Totaal misdrijven";"2013";"Chassé";"     634"
"Totaal misdrijven";"2014";"Chassé";"     612"
"Totaal misdrijven";"2015";"Chassé";"     547"
"Totaal misdrijven";"2016";"Chassé";"     530"
"Totaal misdrijven";"2017";"Chassé";"     493"
"Totaal misdrijven";"2018";"Chassé";"     375"
"Totaal misdrijven";"2019";"Chassé";"     362"
"Totaal misdrijven";"2020";"Chassé";"     353"
"Totaal misdrijven";"2021";"Chassé";"     298"
"Totaal misdrijven";"2022";"Chassé";"     466"
"Totaal misdrijven";"2012";"Fellenoord";"     201"
"Totaal misdrijven";"2013";"Fellenoord";"     178"
"Totaal misdrijven";"2014";"Fellenoord";"     209"
"Totaal misdrijven";"2015";"Fellenoord";"     162"
"Totaal misdrijven";"2016";"Fellenoord";"     131"
"Totaal misdrijven";"2017";"Fellenoord";"     129"
"Totaal misdrijven";"2018";"Fellenoord";"      95"
"Totaal misdrijven";"2019";"Fellenoord";"     104"
"Totaal misdrijven";"2020";"Fellenoord";"      94"
"Totaal misdrijven";"2021";"Fellenoord";"     103"
"Totaal misdrijven";"2022";"Fellenoord";"     131"
"Totaal misdrijven";"2012";"Schorsmolen";"     462"
"Totaal misdrijven";"2013";"Schorsmolen";"     410"
"Totaal misdrijven";"2014";"Schorsmolen";"     407"
"Totaal misdrijven";"2015";"Schorsmolen";"     365"
"Totaal misdrijven";"2016";"Schorsmolen";"     362"
"Totaal misdrijven";"2017";"Schorsmolen";"     342"
"Totaal misdrijven";"2018";"Schorsmolen";"     343"
"Totaal misdrijven";"2019";"Schorsmolen";"     316"
"Totaal misdrijven";"2020";"Schorsmolen";"     276"
"Totaal misdrijven";"2021";"Schorsmolen";"     262"
"Totaal misdrijven";"2022";"Schorsmolen";"     388"
"Totaal misdrijven";"2012";"Station";"     572"
"Totaal misdrijven";"2013";"Station";"     474"
"Totaal misdrijven";"2014";"Station";"     529"
"Totaal misdrijven";"2015";"Station";"     324"
"Totaal misdrijven";"2016";"Station";"     372"
"Totaal misdrijven";"2017";"Station";"     350"
"Totaal misdrijven";"2018";"Station";"     325"
"Totaal misdrijven";"2019";"Station";"     410"
"Totaal misdrijven";"2020";"Station";"     298"
"Totaal misdrijven";"2021";"Station";"     311"
"Totaal misdrijven";"2022";"Station";"     461"
"Totaal misdrijven";"2012";"City";"    2175"
"Totaal misdrijven";"2013";"City";"    2100"
"Totaal misdrijven";"2014";"City";"    1833"
"Totaal misdrijven";"2015";"City";"    1694"
"Totaal misdrijven";"2016";"City";"    1483"
"Totaal misdrijven";"2017";"City";"    1288"
"Totaal misdrijven";"2018";"City";"    1042"
"Totaal misdrijven";"2019";"City";"    1211"
"Totaal misdrijven";"2020";"City";"     863"
"Totaal misdrijven";"2021";"City";"     629"
"Totaal misdrijven";"2022";"City";"    1191"
"Totaal misdrijven";"2012";"Breda noord";"    2013"
"Totaal misdrijven";"2013";"Breda noord";"    1844"
"Totaal misdrijven";"2014";"Breda noord";"    1798"
"Totaal misdrijven";"2015";"Breda noord";"    1813"
"Totaal misdrijven";"2016";"Breda noord";"    1758"
"Totaal misdrijven";"2017";"Breda noord";"    1541"
"Totaal misdrijven";"2018";"Breda noord";"    1578"
"Totaal misdrijven";"2019";"Breda noord";"    1645"
"Totaal misdrijven";"2020";"Breda noord";"    1838"
"Totaal misdrijven";"2021";"Breda noord";"    1676"
"Totaal misdrijven";"2022";"Breda noord";"    1765"
"Totaal misdrijven";"2012";"Belcrum";"     277"
"Totaal misdrijven";"2013";"Belcrum";"     234"
"Totaal misdrijven";"2014";"Belcrum";"     283"
"Totaal misdrijven";"2015";"Belcrum";"     313"
"Totaal misdrijven";"2016";"Belcrum";"     378"
"Totaal misdrijven";"2017";"Belcrum";"     300"
"Totaal misdrijven";"2018";"Belcrum";"     317"
"Totaal misdrijven";"2019";"Belcrum";"     329"
"Totaal misdrijven";"2020";"Belcrum";"     347"
"Totaal misdrijven";"2021";"Belcrum";"     330"
"Totaal misdrijven";"2022";"Belcrum";"     385"
"Totaal misdrijven";"2012";"Doornbos-Linie";"     393"
"Totaal misdrijven";"2013";"Doornbos-Linie";"     368"
"Totaal misdrijven";"2014";"Doornbos-Linie";"     264"
"Totaal misdrijven";"2015";"Doornbos-Linie";"     288"
"Totaal misdrijven";"2016";"Doornbos-Linie";"     280"
"Totaal misdrijven";"2017";"Doornbos-Linie";"     297"
"Totaal misdrijven";"2018";"Doornbos-Linie";"     265"
"Totaal misdrijven";"2019";"Doornbos-Linie";"     286"
"Totaal misdrijven";"2020";"Doornbos-Linie";"     286"
"Totaal misdrijven";"2021";"Doornbos-Linie";"     262"
"Totaal misdrijven";"2022";"Doornbos-Linie";"     290"
"Totaal misdrijven";"2012";"Biesdonk";"     470"
"Totaal misdrijven";"2013";"Biesdonk";"     402"
"Totaal misdrijven";"2014";"Biesdonk";"     417"
"Totaal misdrijven";"2015";"Biesdonk";"     471"
"Totaal misdrijven";"2016";"Biesdonk";"     391"
"Totaal misdrijven";"2017";"Biesdonk";"     301"
"Totaal misdrijven";"2018";"Biesdonk";"     313"
"Totaal misdrijven";"2019";"Biesdonk";"     339"
"Totaal misdrijven";"2020";"Biesdonk";"     424"
"Totaal misdrijven";"2021";"Biesdonk";"     376"
"Totaal misdrijven";"2022";"Biesdonk";"     408"
"Totaal misdrijven";"2012";"Geeren-zuid";"     147"
"Totaal misdrijven";"2013";"Geeren-zuid";"     161"
"Totaal misdrijven";"2014";"Geeren-zuid";"     165"
"Totaal misdrijven";"2015";"Geeren-zuid";"     152"
"Totaal misdrijven";"2016";"Geeren-zuid";"     141"
"Totaal misdrijven";"2017";"Geeren-zuid";"     136"
"Totaal misdrijven";"2018";"Geeren-zuid";"     142"
"Totaal misdrijven";"2019";"Geeren-zuid";"     161"
"Totaal misdrijven";"2020";"Geeren-zuid";"     166"
"Totaal misdrijven";"2021";"Geeren-zuid";"     174"
"Totaal misdrijven";"2022";"Geeren-zuid";"     127"
"Totaal misdrijven";"2012";"Wisselaar";"     166"
"Totaal misdrijven";"2013";"Wisselaar";"     164"
"Totaal misdrijven";"2014";"Wisselaar";"     153"
"Totaal misdrijven";"2015";"Wisselaar";"     150"
"Totaal misdrijven";"2016";"Wisselaar";"     165"
"Totaal misdrijven";"2017";"Wisselaar";"     129"
"Totaal misdrijven";"2018";"Wisselaar";"     128"
"Totaal misdrijven";"2019";"Wisselaar";"     144"
"Totaal misdrijven";"2020";"Wisselaar";"     170"
"Totaal misdrijven";"2021";"Wisselaar";"     145"
"Totaal misdrijven";"2022";"Wisselaar";"     126"
"Totaal misdrijven";"2012";"Krogten";"     369"
"Totaal misdrijven";"2013";"Krogten";"     370"
"Totaal misdrijven";"2014";"Krogten";"     359"
"Totaal misdrijven";"2015";"Krogten";"     286"
"Totaal misdrijven";"2016";"Krogten";"     265"
"Totaal misdrijven";"2017";"Krogten";"     253"
"Totaal misdrijven";"2018";"Krogten";"     288"
"Totaal misdrijven";"2019";"Krogten";"     239"
"Totaal misdrijven";"2020";"Krogten";"     279"
"Totaal misdrijven";"2021";"Krogten";"     258"
"Totaal misdrijven";"2022";"Krogten";"     298"
"Totaal misdrijven";"2012";"Geeren-noord";"     149"
"Totaal misdrijven";"2013";"Geeren-noord";"     121"
"Totaal misdrijven";"2014";"Geeren-noord";"     127"
"Totaal misdrijven";"2015";"Geeren-noord";"     109"
"Totaal misdrijven";"2016";"Geeren-noord";"      99"
"Totaal misdrijven";"2017";"Geeren-noord";"      93"
"Totaal misdrijven";"2018";"Geeren-noord";"      90"
"Totaal misdrijven";"2019";"Geeren-noord";"     129"
"Totaal misdrijven";"2020";"Geeren-noord";"     131"
"Totaal misdrijven";"2021";"Geeren-noord";"     104"
"Totaal misdrijven";"2022";"Geeren-noord";"     110"
"Totaal misdrijven";"2012";"Waterdonken";"      42"
"Totaal misdrijven";"2013";"Waterdonken";"      24"
"Totaal misdrijven";"2014";"Waterdonken";"      30"
"Totaal misdrijven";"2015";"Waterdonken";"      44"
"Totaal misdrijven";"2016";"Waterdonken";"      39"
"Totaal misdrijven";"2017";"Waterdonken";"      32"
"Totaal misdrijven";"2018";"Waterdonken";"      35"
"Totaal misdrijven";"2019";"Waterdonken";"      18"
"Totaal misdrijven";"2020";"Waterdonken";"      35"
"Totaal misdrijven";"2021";"Waterdonken";"      27"
"Totaal misdrijven";"2022";"Waterdonken";"      21"
"Totaal misdrijven";"2012";"Breda oost";"    1787"
"Totaal misdrijven";"2013";"Breda oost";"    1651"
"Totaal misdrijven";"2014";"Breda oost";"    1526"
"Totaal misdrijven";"2015";"Breda oost";"    1471"
"Totaal misdrijven";"2016";"Breda oost";"    1396"
"Totaal misdrijven";"2017";"Breda oost";"    1237"
"Totaal misdrijven";"2018";"Breda oost";"    1190"
"Totaal misdrijven";"2019";"Breda oost";"    1197"
"Totaal misdrijven";"2020";"Breda oost";"    1188"
"Totaal misdrijven";"2021";"Breda oost";"    1115"
"Totaal misdrijven";"2022";"Breda oost";"    1179"
"Totaal misdrijven";"2012";"Brabantpark";"     746"
"Totaal misdrijven";"2013";"Brabantpark";"     618"
"Totaal misdrijven";"2014";"Brabantpark";"     611"
"Totaal misdrijven";"2015";"Brabantpark";"     581"
"Totaal misdrijven";"2016";"Brabantpark";"     511"
"Totaal misdrijven";"2017";"Brabantpark";"     445"
"Totaal misdrijven";"2018";"Brabantpark";"     423"
"Totaal misdrijven";"2019";"Brabantpark";"     452"
"Totaal misdrijven";"2020";"Brabantpark";"     479"
"Totaal misdrijven";"2021";"Brabantpark";"     466"
"Totaal misdrijven";"2022";"Brabantpark";"     432"
"Totaal misdrijven";"2012";"Sportpark";"     338"
"Totaal misdrijven";"2013";"Sportpark";"     382"
"Totaal misdrijven";"2014";"Sportpark";"     362"
"Totaal misdrijven";"2015";"Sportpark";"     299"
"Totaal misdrijven";"2016";"Sportpark";"     297"
"Totaal misdrijven";"2017";"Sportpark";"     231"
"Totaal misdrijven";"2018";"Sportpark";"     216"
"Totaal misdrijven";"2019";"Sportpark";"     208"
"Totaal misdrijven";"2020";"Sportpark";"     197"
"Totaal misdrijven";"2021";"Sportpark";"     189"
"Totaal misdrijven";"2022";"Sportpark";"     230"
"Totaal misdrijven";"2012";"Zandberg";"     379"
"Totaal misdrijven";"2013";"Zandberg";"     353"
"Totaal misdrijven";"2014";"Zandberg";"     311"
"Totaal misdrijven";"2015";"Zandberg";"     321"
"Totaal misdrijven";"2016";"Zandberg";"     318"
"Totaal misdrijven";"2017";"Zandberg";"     258"
"Totaal misdrijven";"2018";"Zandberg";"     237"
"Totaal misdrijven";"2019";"Zandberg";"     268"
"Totaal misdrijven";"2020";"Zandberg";"     241"
"Totaal misdrijven";"2021";"Zandberg";"     196"
"Totaal misdrijven";"2022";"Zandberg";"     213"
"Totaal misdrijven";"2012";"Heusdenhout";"     233"
"Totaal misdrijven";"2013";"Heusdenhout";"     200"
"Totaal misdrijven";"2014";"Heusdenhout";"     168"
"Totaal misdrijven";"2015";"Heusdenhout";"     205"
"Totaal misdrijven";"2016";"Heusdenhout";"     181"
"Totaal misdrijven";"2017";"Heusdenhout";"     168"
"Totaal misdrijven";"2018";"Heusdenhout";"     185"
"Totaal misdrijven";"2019";"Heusdenhout";"     163"
"Totaal misdrijven";"2020";"Heusdenhout";"     174"
"Totaal misdrijven";"2021";"Heusdenhout";"     160"
"Totaal misdrijven";"2022";"Heusdenhout";"     199"
"Totaal misdrijven";"2012";"Moleneind-oost";"      48"
"Totaal misdrijven";"2013";"Moleneind-oost";"      49"
"Totaal misdrijven";"2014";"Moleneind-oost";"      28"
"Totaal misdrijven";"2015";"Moleneind-oost";"      25"
"Totaal misdrijven";"2016";"Moleneind-oost";"      42"
"Totaal misdrijven";"2017";"Moleneind-oost";"      52"
"Totaal misdrijven";"2018";"Moleneind-oost";"      33"
"Totaal misdrijven";"2019";"Moleneind-oost";"      26"
"Totaal misdrijven";"2020";"Moleneind-oost";"      34"
"Totaal misdrijven";"2021";"Moleneind-oost";"      29"
"Totaal misdrijven";"2022";"Moleneind-oost";"      24"
"Totaal misdrijven";"2012";"Hoogeind";"      43"
"Totaal misdrijven";"2013";"Hoogeind";"      49"
"Totaal misdrijven";"2014";"Hoogeind";"      46"
"Totaal misdrijven";"2015";"Hoogeind";"      40"
"Totaal misdrijven";"2016";"Hoogeind";"      47"
"Totaal misdrijven";"2017";"Hoogeind";"      83"
"Totaal misdrijven";"2018";"Hoogeind";"      96"
"Totaal misdrijven";"2019";"Hoogeind";"      80"
"Totaal misdrijven";"2020";"Hoogeind";"      63"
"Totaal misdrijven";"2021";"Hoogeind";"      75"
"Totaal misdrijven";"2022";"Hoogeind";"      81"
"Totaal misdrijven";"2012";"Breda zuid-oost";"    1068"
"Totaal misdrijven";"2013";"Breda zuid-oost";"    1042"
"Totaal misdrijven";"2014";"Breda zuid-oost";"    1026"
"Totaal misdrijven";"2015";"Breda zuid-oost";"    1003"
"Totaal misdrijven";"2016";"Breda zuid-oost";"     929"
"Totaal misdrijven";"2017";"Breda zuid-oost";"     881"
"Totaal misdrijven";"2018";"Breda zuid-oost";"     764"
"Totaal misdrijven";"2019";"Breda zuid-oost";"     850"
"Totaal misdrijven";"2020";"Breda zuid-oost";"     840"
"Totaal misdrijven";"2021";"Breda zuid-oost";"     843"
"Totaal misdrijven";"2022";"Breda zuid-oost";"     750"
"Totaal misdrijven";"2012";"Blauwe Kei";"     208"
"Totaal misdrijven";"2013";"Blauwe Kei";"     211"
"Totaal misdrijven";"2014";"Blauwe Kei";"     195"
"Totaal misdrijven";"2015";"Blauwe Kei";"     217"
"Totaal misdrijven";"2016";"Blauwe Kei";"     212"
"Totaal misdrijven";"2017";"Blauwe Kei";"     161"
"Totaal misdrijven";"2018";"Blauwe Kei";"     123"
"Totaal misdrijven";"2019";"Blauwe Kei";"     154"
"Totaal misdrijven";"2020";"Blauwe Kei";"     149"
"Totaal misdrijven";"2021";"Blauwe Kei";"     144"
"Totaal misdrijven";"2022";"Blauwe Kei";"     124"
"Totaal misdrijven";"2012";"Ypelaar";"     330"
"Totaal misdrijven";"2013";"Ypelaar";"     272"
"Totaal misdrijven";"2014";"Ypelaar";"     310"
"Totaal misdrijven";"2015";"Ypelaar";"     261"
"Totaal misdrijven";"2016";"Ypelaar";"     257"
"Totaal misdrijven";"2017";"Ypelaar";"     264"
"Totaal misdrijven";"2018";"Ypelaar";"     268"
"Totaal misdrijven";"2019";"Ypelaar";"     266"
"Totaal misdrijven";"2020";"Ypelaar";"     262"
"Totaal misdrijven";"2021";"Ypelaar";"     290"
"Totaal misdrijven";"2022";"Ypelaar";"     265"
"Totaal misdrijven";"2012";"Overakker";"     117"
"Totaal misdrijven";"2013";"Overakker";"     143"
"Totaal misdrijven";"2014";"Overakker";"     115"
"Totaal misdrijven";"2015";"Overakker";"      97"
"Totaal misdrijven";"2016";"Overakker";"     110"
"Totaal misdrijven";"2017";"Overakker";"     119"
"Totaal misdrijven";"2018";"Overakker";"      93"
"Totaal misdrijven";"2019";"Overakker";"     124"
"Totaal misdrijven";"2020";"Overakker";"      97"
"Totaal misdrijven";"2021";"Overakker";"      73"
"Totaal misdrijven";"2022";"Overakker";"      99"
"Totaal misdrijven";"2012";"Ginneken";"     330"
"Totaal misdrijven";"2013";"Ginneken";"     332"
"Totaal misdrijven";"2014";"Ginneken";"     296"
"Totaal misdrijven";"2015";"Ginneken";"     317"
"Totaal misdrijven";"2016";"Ginneken";"     269"
"Totaal misdrijven";"2017";"Ginneken";"     236"
"Totaal misdrijven";"2018";"Ginneken";"     199"
"Totaal misdrijven";"2019";"Ginneken";"     227"
"Totaal misdrijven";"2020";"Ginneken";"     226"
"Totaal misdrijven";"2021";"Ginneken";"     239"
"Totaal misdrijven";"2022";"Ginneken";"     181"
"Totaal misdrijven";"2012";"Mastbos";"      83"
"Totaal misdrijven";"2013";"Mastbos";"      84"
"Totaal misdrijven";"2014";"Mastbos";"     110"
"Totaal misdrijven";"2015";"Mastbos";"     111"
"Totaal misdrijven";"2016";"Mastbos";"      81"
"Totaal misdrijven";"2017";"Mastbos";"     101"
"Totaal misdrijven";"2018";"Mastbos";"      81"
"Totaal misdrijven";"2019";"Mastbos";"      79"
"Totaal misdrijven";"2020";"Mastbos";"     106"
"Totaal misdrijven";"2021";"Mastbos";"      97"
"Totaal misdrijven";"2022";"Mastbos";"      81"
"Totaal misdrijven";"2012";"Breda zuid";"     752"
"Totaal misdrijven";"2013";"Breda zuid";"     687"
"Totaal misdrijven";"2014";"Breda zuid";"     583"
"Totaal misdrijven";"2015";"Breda zuid";"     493"
"Totaal misdrijven";"2016";"Breda zuid";"     517"
"Totaal misdrijven";"2017";"Breda zuid";"     440"
"Totaal misdrijven";"2018";"Breda zuid";"     361"
"Totaal misdrijven";"2019";"Breda zuid";"     391"
"Totaal misdrijven";"2020";"Breda zuid";"     441"
"Totaal misdrijven";"2021";"Breda zuid";"     412"
"Totaal misdrijven";"2022";"Breda zuid";"     371"
"Totaal misdrijven";"2012";"Boeimeer";"     511"
"Totaal misdrijven";"2013";"Boeimeer";"     456"
"Totaal misdrijven";"2014";"Boeimeer";"     390"
"Totaal misdrijven";"2015";"Boeimeer";"     327"
"Totaal misdrijven";"2016";"Boeimeer";"     387"
"Totaal misdrijven";"2017";"Boeimeer";"     282"
"Totaal misdrijven";"2018";"Boeimeer";"     230"
"Totaal misdrijven";"2019";"Boeimeer";"     249"
"Totaal misdrijven";"2020";"Boeimeer";"     288"
"Totaal misdrijven";"2021";"Boeimeer";"     238"
"Totaal misdrijven";"2022";"Boeimeer";"     241"
"Totaal misdrijven";"2012";"Ruitersbos";"     241"
"Totaal misdrijven";"2013";"Ruitersbos";"     231"
"Totaal misdrijven";"2014";"Ruitersbos";"     193"
"Totaal misdrijven";"2015";"Ruitersbos";"     166"
"Totaal misdrijven";"2016";"Ruitersbos";"     130"
"Totaal misdrijven";"2017";"Ruitersbos";"     158"
"Totaal misdrijven";"2018";"Ruitersbos";"     131"
"Totaal misdrijven";"2019";"Ruitersbos";"     142"
"Totaal misdrijven";"2020";"Ruitersbos";"     153"
"Totaal misdrijven";"2021";"Ruitersbos";"     174"
"Totaal misdrijven";"2022";"Ruitersbos";"     130"
"Totaal misdrijven";"2012";"Breda west";"    3500"
"Totaal misdrijven";"2013";"Breda west";"    2959"
"Totaal misdrijven";"2014";"Breda west";"    2522"
"Totaal misdrijven";"2015";"Breda west";"    2569"
"Totaal misdrijven";"2016";"Breda west";"    2404"
"Totaal misdrijven";"2017";"Breda west";"    2136"
"Totaal misdrijven";"2018";"Breda west";"    2015"
"Totaal misdrijven";"2019";"Breda west";"    2027"
"Totaal misdrijven";"2020";"Breda west";"    2205"
"Totaal misdrijven";"2021";"Breda west";"    2035"
"Totaal misdrijven";"2022";"Breda west";"    2051"
"Totaal misdrijven";"2012";"Haagpoort";"     189"
"Totaal misdrijven";"2013";"Haagpoort";"     172"
"Totaal misdrijven";"2014";"Haagpoort";"     126"
"Totaal misdrijven";"2015";"Haagpoort";"     115"
"Totaal misdrijven";"2016";"Haagpoort";"     105"
"Totaal misdrijven";"2017";"Haagpoort";"      85"
"Totaal misdrijven";"2018";"Haagpoort";"      99"
"Totaal misdrijven";"2019";"Haagpoort";"      81"
"Totaal misdrijven";"2020";"Haagpoort";"     119"
"Totaal misdrijven";"2021";"Haagpoort";"     118"
"Totaal misdrijven";"2022";"Haagpoort";"     125"
"Totaal misdrijven";"2012";"Heuvel";"     695"
"Totaal misdrijven";"2013";"Heuvel";"     506"
"Totaal misdrijven";"2014";"Heuvel";"     566"
"Totaal misdrijven";"2015";"Heuvel";"     556"
"Totaal misdrijven";"2016";"Heuvel";"     518"
"Totaal misdrijven";"2017";"Heuvel";"     479"
"Totaal misdrijven";"2018";"Heuvel";"     440"
"Totaal misdrijven";"2019";"Heuvel";"     400"
"Totaal misdrijven";"2020";"Heuvel";"     457"
"Totaal misdrijven";"2021";"Heuvel";"     423"
"Totaal misdrijven";"2022";"Heuvel";"     421"
"Totaal misdrijven";"2012";"Tuinzigt";"     762"
"Totaal misdrijven";"2013";"Tuinzigt";"     753"
"Totaal misdrijven";"2014";"Tuinzigt";"     618"
"Totaal misdrijven";"2015";"Tuinzigt";"     570"
"Totaal misdrijven";"2016";"Tuinzigt";"     548"
"Totaal misdrijven";"2017";"Tuinzigt";"     498"
"Totaal misdrijven";"2018";"Tuinzigt";"     429"
"Totaal misdrijven";"2019";"Tuinzigt";"     495"
"Totaal misdrijven";"2020";"Tuinzigt";"     437"
"Totaal misdrijven";"2021";"Tuinzigt";"     402"
"Totaal misdrijven";"2022";"Tuinzigt";"     482"
"Totaal misdrijven";"2012";"Princenhage";"     816"
"Totaal misdrijven";"2013";"Princenhage";"     574"
"Totaal misdrijven";"2014";"Princenhage";"     406"
"Totaal misdrijven";"2015";"Princenhage";"     452"
"Totaal misdrijven";"2016";"Princenhage";"     410"
"Totaal misdrijven";"2017";"Princenhage";"     321"
"Totaal misdrijven";"2018";"Princenhage";"     336"
"Totaal misdrijven";"2019";"Princenhage";"     351"
"Totaal misdrijven";"2020";"Princenhage";"     400"
"Totaal misdrijven";"2021";"Princenhage";"     280"
"Totaal misdrijven";"2022";"Princenhage";"     302"
"Totaal misdrijven";"2012";"Westerpark";"     159"
"Totaal misdrijven";"2013";"Westerpark";"     151"
"Totaal misdrijven";"2014";"Westerpark";"     125"
"Totaal misdrijven";"2015";"Westerpark";"     127"
"Totaal misdrijven";"2016";"Westerpark";"     124"
"Totaal misdrijven";"2017";"Westerpark";"     119"
"Totaal misdrijven";"2018";"Westerpark";"      85"
"Totaal misdrijven";"2019";"Westerpark";"      99"
"Totaal misdrijven";"2020";"Westerpark";"     104"
"Totaal misdrijven";"2021";"Westerpark";"     109"
"Totaal misdrijven";"2022";"Westerpark";"     125"
"Totaal misdrijven";"2012";"Heilaar";"     330"
"Totaal misdrijven";"2013";"Heilaar";"     278"
"Totaal misdrijven";"2014";"Heilaar";"     230"
"Totaal misdrijven";"2015";"Heilaar";"     206"
"Totaal misdrijven";"2016";"Heilaar";"     224"
"Totaal misdrijven";"2017";"Heilaar";"     183"
"Totaal misdrijven";"2018";"Heilaar";"     187"
"Totaal misdrijven";"2019";"Heilaar";"     205"
"Totaal misdrijven";"2020";"Heilaar";"     194"
"Totaal misdrijven";"2021";"Heilaar";"     115"
"Totaal misdrijven";"2022";"Heilaar";"     131"
"Totaal misdrijven";"2012";"Hazeldonk";"     273"
"Totaal misdrijven";"2013";"Hazeldonk";"     215"
"Totaal misdrijven";"2014";"Hazeldonk";"     175"
"Totaal misdrijven";"2015";"Hazeldonk";"     181"
"Totaal misdrijven";"2016";"Hazeldonk";"     162"
"Totaal misdrijven";"2017";"Hazeldonk";"     161"
"Totaal misdrijven";"2018";"Hazeldonk";"     124"
"Totaal misdrijven";"2019";"Hazeldonk";"     136"
"Totaal misdrijven";"2020";"Hazeldonk";"     229"
"Totaal misdrijven";"2021";"Hazeldonk";"     279"
"Totaal misdrijven";"2022";"Hazeldonk";"     213"
"Totaal misdrijven";"2012";"Steenakker";"     120"
"Totaal misdrijven";"2013";"Steenakker";"     166"
"Totaal misdrijven";"2014";"Steenakker";"     169"
"Totaal misdrijven";"2015";"Steenakker";"     263"
"Totaal misdrijven";"2016";"Steenakker";"     219"
"Totaal misdrijven";"2017";"Steenakker";"     175"
"Totaal misdrijven";"2018";"Steenakker";"     202"
"Totaal misdrijven";"2019";"Steenakker";"     160"
"Totaal misdrijven";"2020";"Steenakker";"     154"
"Totaal misdrijven";"2021";"Steenakker";"     171"
"Totaal misdrijven";"2022";"Steenakker";"     133"
"Totaal misdrijven";"2012";"Effen-Rith";"      88"
"Totaal misdrijven";"2013";"Effen-Rith";"      64"
"Totaal misdrijven";"2014";"Effen-Rith";"      58"
"Totaal misdrijven";"2015";"Effen-Rith";"      51"
"Totaal misdrijven";"2016";"Effen-Rith";"      49"
"Totaal misdrijven";"2017";"Effen-Rith";"      54"
"Totaal misdrijven";"2018";"Effen-Rith";"      40"
"Totaal misdrijven";"2019";"Effen-Rith";"      40"
"Totaal misdrijven";"2020";"Effen-Rith";"      51"
"Totaal misdrijven";"2021";"Effen-Rith";"      65"
"Totaal misdrijven";"2022";"Effen-Rith";"      44"
"Totaal misdrijven";"2012";"Liesbos";"      68"
"Totaal misdrijven";"2013";"Liesbos";"      80"
"Totaal misdrijven";"2014";"Liesbos";"      49"
"Totaal misdrijven";"2015";"Liesbos";"      48"
"Totaal misdrijven";"2016";"Liesbos";"      45"
"Totaal misdrijven";"2017";"Liesbos";"      61"
"Totaal misdrijven";"2018";"Liesbos";"      73"
"Totaal misdrijven";"2019";"Liesbos";"      60"
"Totaal misdrijven";"2020";"Liesbos";"      60"
"Totaal misdrijven";"2021";"Liesbos";"      73"
"Totaal misdrijven";"2022";"Liesbos";"      75"
"Totaal misdrijven";"2012";"Breda noord-west";"    1625"
"Totaal misdrijven";"2013";"Breda noord-west";"    1602"
"Totaal misdrijven";"2014";"Breda noord-west";"    1400"
"Totaal misdrijven";"2015";"Breda noord-west";"    1366"
"Totaal misdrijven";"2016";"Breda noord-west";"    1256"
"Totaal misdrijven";"2017";"Breda noord-west";"    1214"
"Totaal misdrijven";"2018";"Breda noord-west";"    1229"
"Totaal misdrijven";"2019";"Breda noord-west";"    1313"
"Totaal misdrijven";"2020";"Breda noord-west";"    1291"
"Totaal misdrijven";"2021";"Breda noord-west";"    1082"
"Totaal misdrijven";"2022";"Breda noord-west";"     950"
"Totaal misdrijven";"2012";"Gageldonk";"     240"
"Totaal misdrijven";"2013";"Gageldonk";"     211"
"Totaal misdrijven";"2014";"Gageldonk";"     218"
"Totaal misdrijven";"2015";"Gageldonk";"     203"
"Totaal misdrijven";"2016";"Gageldonk";"     211"
"Totaal misdrijven";"2017";"Gageldonk";"     184"
"Totaal misdrijven";"2018";"Gageldonk";"     250"
"Totaal misdrijven";"2019";"Gageldonk";"     178"
"Totaal misdrijven";"2020";"Gageldonk";"     216"
"Totaal misdrijven";"2021";"Gageldonk";"     160"
"Totaal misdrijven";"2022";"Gageldonk";"     138"
"Totaal misdrijven";"2012";"Kievitsloop";"     225"
"Totaal misdrijven";"2013";"Kievitsloop";"     187"
"Totaal misdrijven";"2014";"Kievitsloop";"     155"
"Totaal misdrijven";"2015";"Kievitsloop";"     173"
"Totaal misdrijven";"2016";"Kievitsloop";"     152"
"Totaal misdrijven";"2017";"Kievitsloop";"     142"
"Totaal misdrijven";"2018";"Kievitsloop";"     110"
"Totaal misdrijven";"2019";"Kievitsloop";"     181"
"Totaal misdrijven";"2020";"Kievitsloop";"     154"
"Totaal misdrijven";"2021";"Kievitsloop";"     116"
"Totaal misdrijven";"2022";"Kievitsloop";"     109"
"Totaal misdrijven";"2012";"Kesteren";"     269"
"Totaal misdrijven";"2013";"Kesteren";"     277"
"Totaal misdrijven";"2014";"Kesteren";"     289"
"Totaal misdrijven";"2015";"Kesteren";"     293"
"Totaal misdrijven";"2016";"Kesteren";"     222"
"Totaal misdrijven";"2017";"Kesteren";"     191"
"Totaal misdrijven";"2018";"Kesteren";"     181"
"Totaal misdrijven";"2019";"Kesteren";"     194"
"Totaal misdrijven";"2020";"Kesteren";"     202"
"Totaal misdrijven";"2021";"Kesteren";"     186"
"Totaal misdrijven";"2022";"Kesteren";"     156"
"Totaal misdrijven";"2012";"Muizenberg";"     182"
"Totaal misdrijven";"2013";"Muizenberg";"     223"
"Totaal misdrijven";"2014";"Muizenberg";"     157"
"Totaal misdrijven";"2015";"Muizenberg";"     134"
"Totaal misdrijven";"2016";"Muizenberg";"     109"
"Totaal misdrijven";"2017";"Muizenberg";"     156"
"Totaal misdrijven";"2018";"Muizenberg";"     116"
"Totaal misdrijven";"2019";"Muizenberg";"     131"
"Totaal misdrijven";"2020";"Muizenberg";"     147"
"Totaal misdrijven";"2021";"Muizenberg";"     107"
"Totaal misdrijven";"2022";"Muizenberg";"      97"
"Totaal misdrijven";"2012";"Heksenwiel";"     251"
"Totaal misdrijven";"2013";"Heksenwiel";"     253"
"Totaal misdrijven";"2014";"Heksenwiel";"     171"
"Totaal misdrijven";"2015";"Heksenwiel";"     162"
"Totaal misdrijven";"2016";"Heksenwiel";"     208"
"Totaal misdrijven";"2017";"Heksenwiel";"     152"
"Totaal misdrijven";"2018";"Heksenwiel";"     149"
"Totaal misdrijven";"2019";"Heksenwiel";"     133"
"Totaal misdrijven";"2020";"Heksenwiel";"     162"
"Totaal misdrijven";"2021";"Heksenwiel";"     135"
"Totaal misdrijven";"2022";"Heksenwiel";"      99"
"Totaal misdrijven";"2012";"Overkroeten";"     112"
"Totaal misdrijven";"2013";"Overkroeten";"     113"
"Totaal misdrijven";"2014";"Overkroeten";"      79"
"Totaal misdrijven";"2015";"Overkroeten";"      94"
"Totaal misdrijven";"2016";"Overkroeten";"      77"
"Totaal misdrijven";"2017";"Overkroeten";"      77"
"Totaal misdrijven";"2018";"Overkroeten";"      76"
"Totaal misdrijven";"2019";"Overkroeten";"      70"
"Totaal misdrijven";"2020";"Overkroeten";"      74"
"Totaal misdrijven";"2021";"Overkroeten";"      54"
"Totaal misdrijven";"2022";"Overkroeten";"      49"
"Totaal misdrijven";"2012";"Kroeten";"      51"
"Totaal misdrijven";"2013";"Kroeten";"      56"
"Totaal misdrijven";"2014";"Kroeten";"      44"
"Totaal misdrijven";"2015";"Kroeten";"      48"
"Totaal misdrijven";"2016";"Kroeten";"      46"
"Totaal misdrijven";"2017";"Kroeten";"      49"
"Totaal misdrijven";"2018";"Kroeten";"      41"
"Totaal misdrijven";"2019";"Kroeten";"      54"
"Totaal misdrijven";"2020";"Kroeten";"      57"
"Totaal misdrijven";"2021";"Kroeten";"      37"
"Totaal misdrijven";"2022";"Kroeten";"      29"
"Totaal misdrijven";"2012";"Emer";"     264"
"Totaal misdrijven";"2013";"Emer";"     255"
"Totaal misdrijven";"2014";"Emer";"     238"
"Totaal misdrijven";"2015";"Emer";"     233"
"Totaal misdrijven";"2016";"Emer";"     215"
"Totaal misdrijven";"2017";"Emer";"     250"
"Totaal misdrijven";"2018";"Emer";"     303"
"Totaal misdrijven";"2019";"Emer";"     363"
"Totaal misdrijven";"2020";"Emer";"     263"
"Totaal misdrijven";"2021";"Emer";"     275"
"Totaal misdrijven";"2022";"Emer";"     260"
"Totaal misdrijven";"2012";"Hagebeemd";"      31"
"Totaal misdrijven";"2013";"Hagebeemd";"      27"
"Totaal misdrijven";"2014";"Hagebeemd";"      49"
"Totaal misdrijven";"2015";"Hagebeemd";"      26"
"Totaal misdrijven";"2016";"Hagebeemd";"      16"
"Totaal misdrijven";"2017";"Hagebeemd";"      13"
"Totaal misdrijven";"2018";"Hagebeemd";"       3"
"Totaal misdrijven";"2019";"Hagebeemd";"       9"
"Totaal misdrijven";"2020";"Hagebeemd";"      16"
"Totaal misdrijven";"2021";"Hagebeemd";"      12"
"Totaal misdrijven";"2022";"Hagebeemd";"      13"
"Totaal misdrijven";"2012";"Bavel";"     353"
"Totaal misdrijven";"2013";"Bavel";"     311"
"Totaal misdrijven";"2014";"Bavel";"     270"
"Totaal misdrijven";"2015";"Bavel";"     271"
"Totaal misdrijven";"2016";"Bavel";"     266"
"Totaal misdrijven";"2017";"Bavel";"     220"
"Totaal misdrijven";"2018";"Bavel";"     207"
"Totaal misdrijven";"2019";"Bavel";"     194"
"Totaal misdrijven";"2020";"Bavel";"     227"
"Totaal misdrijven";"2021";"Bavel";"     236"
"Totaal misdrijven";"2022";"Bavel";"     241"
"Totaal misdrijven";"2012";"Bavel";"     252"
"Totaal misdrijven";"2013";"Bavel";"     211"
"Totaal misdrijven";"2014";"Bavel";"     169"
"Totaal misdrijven";"2015";"Bavel";"     163"
"Totaal misdrijven";"2016";"Bavel";"     161"
"Totaal misdrijven";"2017";"Bavel";"     130"
"Totaal misdrijven";"2018";"Bavel";"     127"
"Totaal misdrijven";"2019";"Bavel";"     100"
"Totaal misdrijven";"2020";"Bavel";"     125"
"Totaal misdrijven";"2021";"Bavel";"     142"
"Totaal misdrijven";"2022";"Bavel";"     125"
"Totaal misdrijven";"2012";"Nieuw Wolfslaar";"      44"
"Totaal misdrijven";"2013";"Nieuw Wolfslaar";"      41"
"Totaal misdrijven";"2014";"Nieuw Wolfslaar";"      60"
"Totaal misdrijven";"2015";"Nieuw Wolfslaar";"      61"
"Totaal misdrijven";"2016";"Nieuw Wolfslaar";"      60"
"Totaal misdrijven";"2017";"Nieuw Wolfslaar";"      38"
"Totaal misdrijven";"2018";"Nieuw Wolfslaar";"      40"
"Totaal misdrijven";"2019";"Nieuw Wolfslaar";"      34"
"Totaal misdrijven";"2020";"Nieuw Wolfslaar";"      53"
"Totaal misdrijven";"2021";"Nieuw Wolfslaar";"      55"
"Totaal misdrijven";"2022";"Nieuw Wolfslaar";"      46"
"Totaal misdrijven";"2012";"Buitengebied Bavel";"      57"
"Totaal misdrijven";"2013";"Buitengebied Bavel";"      59"
"Totaal misdrijven";"2014";"Buitengebied Bavel";"      41"
"Totaal misdrijven";"2015";"Buitengebied Bavel";"      47"
"Totaal misdrijven";"2016";"Buitengebied Bavel";"      45"
"Totaal misdrijven";"2017";"Buitengebied Bavel";"      52"
"Totaal misdrijven";"2018";"Buitengebied Bavel";"      40"
"Totaal misdrijven";"2019";"Buitengebied Bavel";"      60"
"Totaal misdrijven";"2020";"Buitengebied Bavel";"      49"
"Totaal misdrijven";"2021";"Buitengebied Bavel";"      39"
"Totaal misdrijven";"2022";"Buitengebied Bavel";"      70"
"Totaal misdrijven";"2012";"Ulvenhout";"     225"
"Totaal misdrijven";"2013";"Ulvenhout";"     225"
"Totaal misdrijven";"2014";"Ulvenhout";"     174"
"Totaal misdrijven";"2015";"Ulvenhout";"     176"
"Totaal misdrijven";"2016";"Ulvenhout";"     136"
"Totaal misdrijven";"2017";"Ulvenhout";"     169"
"Totaal misdrijven";"2018";"Ulvenhout";"     154"
"Totaal misdrijven";"2019";"Ulvenhout";"     145"
"Totaal misdrijven";"2020";"Ulvenhout";"     181"
"Totaal misdrijven";"2021";"Ulvenhout";"     231"
"Totaal misdrijven";"2022";"Ulvenhout";"     144"
"Totaal misdrijven";"2012";"Ulvenhout";"     192"
"Totaal misdrijven";"2013";"Ulvenhout";"     193"
"Totaal misdrijven";"2014";"Ulvenhout";"     146"
"Totaal misdrijven";"2015";"Ulvenhout";"     152"
"Totaal misdrijven";"2016";"Ulvenhout";"     103"
"Totaal misdrijven";"2017";"Ulvenhout";"     137"
"Totaal misdrijven";"2018";"Ulvenhout";"     104"
"Totaal misdrijven";"2019";"Ulvenhout";"     109"
"Totaal misdrijven";"2020";"Ulvenhout";"     132"
"Totaal misdrijven";"2021";"Ulvenhout";"     156"
"Totaal misdrijven";"2022";"Ulvenhout";"      96"
"Totaal misdrijven";"2012";"Buitengebied Ulvenhout";"      33"
"Totaal misdrijven";"2013";"Buitengebied Ulvenhout";"      32"
"Totaal misdrijven";"2014";"Buitengebied Ulvenhout";"      28"
"Totaal misdrijven";"2015";"Buitengebied Ulvenhout";"      24"
"Totaal misdrijven";"2016";"Buitengebied Ulvenhout";"      33"
"Totaal misdrijven";"2017";"Buitengebied Ulvenhout";"      32"
"Totaal misdrijven";"2018";"Buitengebied Ulvenhout";"      50"
"Totaal misdrijven";"2019";"Buitengebied Ulvenhout";"      36"
"Totaal misdrijven";"2020";"Buitengebied Ulvenhout";"      49"
"Totaal misdrijven";"2021";"Buitengebied Ulvenhout";"      75"
"Totaal misdrijven";"2022";"Buitengebied Ulvenhout";"      48"
"Totaal misdrijven";"2012";"Prinsenbeek";"     478"
"Totaal misdrijven";"2013";"Prinsenbeek";"     452"
"Totaal misdrijven";"2014";"Prinsenbeek";"     415"
"Totaal misdrijven";"2015";"Prinsenbeek";"     360"
"Totaal misdrijven";"2016";"Prinsenbeek";"     309"
"Totaal misdrijven";"2017";"Prinsenbeek";"     266"
"Totaal misdrijven";"2018";"Prinsenbeek";"     314"
"Totaal misdrijven";"2019";"Prinsenbeek";"     324"
"Totaal misdrijven";"2020";"Prinsenbeek";"     343"
"Totaal misdrijven";"2021";"Prinsenbeek";"     304"
"Totaal misdrijven";"2022";"Prinsenbeek";"     271"
"Totaal misdrijven";"2012";"Prinsenbeek";"     442"
"Totaal misdrijven";"2013";"Prinsenbeek";"     383"
"Totaal misdrijven";"2014";"Prinsenbeek";"     370"
"Totaal misdrijven";"2015";"Prinsenbeek";"     317"
"Totaal misdrijven";"2016";"Prinsenbeek";"     272"
"Totaal misdrijven";"2017";"Prinsenbeek";"     236"
"Totaal misdrijven";"2018";"Prinsenbeek";"     280"
"Totaal misdrijven";"2019";"Prinsenbeek";"     287"
"Totaal misdrijven";"2020";"Prinsenbeek";"     294"
"Totaal misdrijven";"2021";"Prinsenbeek";"     264"
"Totaal misdrijven";"2022";"Prinsenbeek";"     252"
"Totaal misdrijven";"2012";"Buitengebied Prinsenbeek";"      36"
"Totaal misdrijven";"2013";"Buitengebied Prinsenbeek";"      69"
"Totaal misdrijven";"2014";"Buitengebied Prinsenbeek";"      45"
"Totaal misdrijven";"2015";"Buitengebied Prinsenbeek";"      43"
"Totaal misdrijven";"2016";"Buitengebied Prinsenbeek";"      37"
"Totaal misdrijven";"2017";"Buitengebied Prinsenbeek";"      30"
"Totaal misdrijven";"2018";"Buitengebied Prinsenbeek";"      34"
"Totaal misdrijven";"2019";"Buitengebied Prinsenbeek";"      37"
"Totaal misdrijven";"2020";"Buitengebied Prinsenbeek";"      49"
"Totaal misdrijven";"2021";"Buitengebied Prinsenbeek";"      40"
"Totaal misdrijven";"2022";"Buitengebied Prinsenbeek";"      19"
"Totaal misdrijven";"2012";"Teteringen";"     335"
"Totaal misdrijven";"2013";"Teteringen";"     262"
"Totaal misdrijven";"2014";"Teteringen";"     262"
"Totaal misdrijven";"2015";"Teteringen";"     224"
"Totaal misdrijven";"2016";"Teteringen";"     244"
"Totaal misdrijven";"2017";"Teteringen";"     187"
"Totaal misdrijven";"2018";"Teteringen";"     189"
"Totaal misdrijven";"2019";"Teteringen";"     201"
"Totaal misdrijven";"2020";"Teteringen";"     223"
"Totaal misdrijven";"2021";"Teteringen";"     159"
"Totaal misdrijven";"2022";"Teteringen";"     180"
"Totaal misdrijven";"2012";"Teteringen";"     304"
"Totaal misdrijven";"2013";"Teteringen";"     228"
"Totaal misdrijven";"2014";"Teteringen";"     244"
"Totaal misdrijven";"2015";"Teteringen";"     197"
"Totaal misdrijven";"2016";"Teteringen";"     226"
"Totaal misdrijven";"2017";"Teteringen";"     172"
"Totaal misdrijven";"2018";"Teteringen";"     169"
"Totaal misdrijven";"2019";"Teteringen";"     185"
"Totaal misdrijven";"2020";"Teteringen";"     212"
"Totaal misdrijven";"2021";"Teteringen";"     148"
"Totaal misdrijven";"2022";"Teteringen";"     165"
"Totaal misdrijven";"2012";"Vuchtpolder";"       9"
"Totaal misdrijven";"2013";"Vuchtpolder";"      11"
"Totaal misdrijven";"2014";"Vuchtpolder";"       5"
"Totaal misdrijven";"2015";"Vuchtpolder";"       9"
"Totaal misdrijven";"2016";"Vuchtpolder";"       7"
"Totaal misdrijven";"2017";"Vuchtpolder";"       2"
"Totaal misdrijven";"2018";"Vuchtpolder";"       7"
"Totaal misdrijven";"2019";"Vuchtpolder";"      10"
"Totaal misdrijven";"2020";"Vuchtpolder";"       3"
"Totaal misdrijven";"2021";"Vuchtpolder";"       2"
"Totaal misdrijven";"2022";"Vuchtpolder";"       3"
"Totaal misdrijven";"2012";"Buitengebied Teteringen";"      22"
"Totaal misdrijven";"2013";"Buitengebied Teteringen";"      23"
"Totaal misdrijven";"2014";"Buitengebied Teteringen";"      13"
"Totaal misdrijven";"2015";"Buitengebied Teteringen";"      18"
"Totaal misdrijven";"2016";"Buitengebied Teteringen";"      11"
"Totaal misdrijven";"2017";"Buitengebied Teteringen";"      13"
"Totaal misdrijven";"2018";"Buitengebied Teteringen";"      13"
"Totaal misdrijven";"2019";"Buitengebied Teteringen";"       6"
"Totaal misdrijven";"2020";"Buitengebied Teteringen";"       8"
"Totaal misdrijven";"2021";"Buitengebied Teteringen";"       9"
"Totaal misdrijven";"2022";"Buitengebied Teteringen";"      12"
