Year,Electricity Consumption: total (kwh),Natural Gas Consumption (m3),"Energieverbruik (incl. hern. warmte, zonnestroom 'achter de meter' en auto(snel)wegen) [TJ]",Electricity consumption of all homes (kwh),Gas consumption all homes (m3),Electricity consumption companies and institutions (kwh),Gas consumption by companies and institutions (m3),Renewable electricity (TJ),Renewable energy (TJ),Power of registered solar panels homes (kw peak),Power of registered solar panels companies (kw peak),Number of installations with registered solar panels in homes (number),Number of installations with registered solar panel companies (number),Renewable energy (%),Renewable electricity (%),"CO2 emissions Traffic and transport incl. motorways and roads, excl. electr. rail traffic (tonnes)",CO2 emissions companies and institutions (tonnes),"CO2 emissions from homes, temperature corrected (tonnes)",CO2 emissions total (tonnes)
2010,3300,1650.0,17038.0,3300.0,1670.0,574426000.0,?,11.0,333.0,,,,,0.02,0.004,410119.0,?,322296.0,1201300.0
2011,3300,1250.0,16385.0,3280.0,1260.0,569160000.0,92868000,10.0,393.0,,,,,0.024,0.004,406592.0,417696,307039.0,1131300.0
2012,3250,1300.0,16144.0,3250.0,1340.0,568489000.0,94180000,24.0,418.0,1305.0,371.0,455.0,62.0,0.026,0.008,398502.0,436683,311324.0,1146500.0
2013,3200,1400.0,15840.0,3210.0,1400.0,561871000.0,92677000,42.0,452.0,2867.0,1016.0,931.0,113.0,0.029,0.015,390382.0,435950,308836.0,1135200.0
2014,3100,1000.0,14692.0,3110.0,1010.0,530669000.0,74669000,50.0,490.0,4364.0,1969.0,1343.0,152.0,0.033,0.018,390139.0,400246,304149.0,1094500.0
2015,3040,1040.0,14677.0,3040.0,1040.0,523851000.0,77411000,70.0,626.0,6132.0,2368.0,1801.0,191.0,0.043,0.026,396410.0,415772,305603.0,1117800.0
2016,3000,1070.0,14710.0,3000.0,1070.0,526258000.0,77436000,121.0,640.0,7792.0,5612.0,2332.0,245.0,0.043,0.044,406562.0,398844,292188.0,1097600.0
2017,2950,1020.0,14937.0,2950.0,1020.0,537545000.0,79070000,130.0,683.0,9874.0,7706.0,2961.0,308.0,0.046,0.046,410085.0,384918,281203.0,1076200.0
2018,2880,1040.0,15136.0,2880.0,1040.0,550387000.0,78560000,174.0,833.0,14185.0,12860.0,4238.0,419.0,0.055,0.061,412754.0,376319,277797.0,1066900.0
2019,2800,980.0,14795.0,2800.0,980.0,540310000.0,69914000,224.0,982.0,20608.0,21605.0,5830.0,609.0,0.066,0.08,411024.0,324526,263917.0,999500.0
2020,2820,930.0,13289.0,2820.0,930.0,508038000.0,68909000,295.0,975.0,28999.0,33277.0,7828.0,710.0,0.073,0.108,321906.0,271598,249816.0,843300.0
2021,2860,1060.0,,2860.0,1060.0,501442000.0,73668000,,,40356.0,80097.0,11044.0,867.0,,,,289456,257416.0,
Aantal installaties met geregistreerde zonnepanelen bedrijven,,,,,,,,,,,,,,,,,,,
Aantal installaties met geregistreerde zonnepanelen woningen,,,,,,,,,,,,,,,,,,,
Aardgasverbruik: totaal,"Het gemiddeld jaarverbruik voor aardgas van particuliere woningen, zoals berekend uit de aansluitingenregisters van de energienetbedrijven. Bij de berekening van het gemiddeld aardgasverbruik zijn woningen met een zeer laag of zelfs nulverbruik meegeteld indien er sprake is van stadsverwarming. Hierdoor valt in gebieden waar stadsverwarming aanwezig is het gemiddeld aardgasverbruik van woningen laag uit.",,,,,,,,,,,,,,,,,,
Bron,CBS KWB - bewerking ABF Research,,,,,,,,,,,,,,,,,,
CO2-uitstoot Bedrijven en instellingen,"Het betreft hier de totaal bekende CO2-Uitstoot van bedrijven en instellingen,  exclusief het gasverbruik energieproductie (SBI D, gas en elektriciteit)",,,,,,,,,,,,,,,,,,
"CO2-uitstoot Verkeer en vervoer incl. auto(snel)wegen, excl. elektr. railverkeer (scope 1, tier 1)",,,,,,,,,,,,,,,,,,,
"CO2-uitstoot Woningen, temperatuurgecorrigeerd (sjv gas en elektr., tier 3 en warmte, tier 2)",,,,,,,,,,,,,,,,,,,
CO2-uitstoot totaal,De totale hoeveelheid van CO2-uitstoot in tonnen.,,,,,,,,,,,,,,,,,,
Datum export,vrijdag 26 mei 2023,,,,,,,,,,,,,,,,,,
Elektriciteitsverbruik alle woningen,Het totale elektriciteitsverbruik van alle woningen in een gebied.,,,,,,,,,,,,,,,,,,
Elektriciteitsverbruik bedrijven en instellingen,Het betreft hier alleen bedrijven en instellingen op grondgebied,,,,,,,,,,,,,,,,,,
Elektriciteitsverbruik: totaal,"Het gemiddeld jaarverbruik voor elektriciteit op individuele aansluitingen van particuliere woningen, zoals berekend vanuit de aansluitingenregisters van de energienetbedrijven. De eigen opwekking van elektriciteit, bijvoorbeeld met zonnepanelen, is niet bekend en dus ook niet inbegrepen in het gemiddelde jaarverbruik. Ook collectieve verbruiken van bijvoorbeeld liftinstallaties of hal-/galerijverlichting zijn niet meegeteld bij de berekening.",,,,,,,,,,,,,,,,,,
"Energieverbruik (incl. hern. warmte, zonnestroom 'achter de meter' en auto(snel)wegen)",De totale hoeveelheid van energieverbruik in terajoules.,,,,,,,,,,,,,,,,,,
Gasverbruik alle woningen,,,,,,,,,,,,,,,,,,,
Gasverbruik bedrijven en instellingen,"Het betreft hier het totaal bekende gasverbruik in m3 van bedrijven en instellingen, exclusief het gasverbruik energieproductie op grondgebied.",,,,,,,,,,,,,,,,,,
Hernieuwbare elektriciteit,Deze onderdelen waaruit deze indicator bestaat worden vastgesteld door middel van modelmatige allocatie. Meer informatie hierover  is terug  te vinden in de Klimaatmonitor van Rijkswaterstaat,,,,,,,,,,,,,,,,,,
Hernieuwbare elektriciteit,"Het betreft hier de totaal bekende opwek van hernieuwbare elektriciteit, t.o.v. het totaal bekende elektriciteitsverbruik. De onderdelen waaruit deze indicator bestaat worden vastgesteld door middel van modelmatige allocatie. Meer informatie kunt u terugvi",,,,,,,,,,,,,,,,,,
Hernieuwbare energie,De onderdelen waaruit deze indicator bestaat worden vastgesteld door middel van modelmatige allocatie. Meer informatie hierover  is terug  te vinden in de Klimaatmonitor van Rijkswaterstaat,,,,,,,,,,,,,,,,,,
Hernieuwbare energie,"Het betreft hier de totaal bekende opwek van hernieuwbare elektriciteit, t.o.v. het totaal bekende elektriciteitsverbruik. De onderdelen waaruit deze indicator bestaat worden vastgesteld door middel van modelmatige allocatie. Meer informatie kunt u terugvi",,,,,,,,,,,,,,,,,,
Onderwerp,Beschrijving,,,,,,,,,,,,,,,,,,
Speciale waarden,? Ontbreekt,,,,,,,,,,,,,,,,,,
Vermogen geregistreerde zonnepanelen bedrijven,,,,,,,,,,,,,,,,,,,
Vermogen geregistreerde zonnepanelen woningen,,,,,,,,,,,,,,,,,,,
breda.incijfers.nl,,,,,,,,,,,,,,,,,,,
,,,,,,,,,,,,,,,,,,,
,De Klimaatmonitor van Rijkswaterstaat,,,,,,,,,,,,,,,,,,
,,,,,,,,,,,,,,,,,,,
,,,,,,,,,,,,,,,,,,,
,,,,,,,,,,,,,,,,,,,
